{"type": "FeatureCollection", "name": "dong", "note": "부산 행정동 경계 + 라벨 대표점 (줌 L3)", "source": "통계청 SGIS 행정동 경계(공공누리 제1유형) / vuski·admdongkor (CC BY 4.0)", "features": [{"type": "Feature", "properties": {"code": "2611051000", "sgg_code": "26110", "sgg_nm": "중구", "dong_nm": "중앙동", "full_nm": "부산광역시 중구 중앙동", "label_lon": 129.036387, "label_lat": 35.102662}, "geometry": {"type": "MultiPolygon", "coordinates": [[[[129.04001607594367, 35.111424681628996], [129.03820311018, 35.11200440879225], [129.03636234032274, 35.10906711197079], [129.03497623305722, 35.106639328702144], [129.03455413716367, 35.10412439589848], [129.03499373894238, 35.101129253332836], [129.03565094795877, 35.10012581438796], [129.03627842096643, 35.10023978390636], [129.03639660461874, 35.099861606004076], [129.03642196191635, 35.099416876806934], [129.03555569376866, 35.09859276896401], [129.03543517497565, 35.098276648062544], [129.03677254168667, 35.094688827043996], [129.03692475467798, 35.09472353010395], [129.03631505397712, 35.09642289270006], [129.0382160754761, 35.09700868573582], [129.0393019152104, 35.09510043095617], [129.0395042524266, 35.09522517906751], [129.03809601149175, 35.098007183934655], [129.037980196949, 35.103892512566816], [129.03822575608223, 35.10434790156961], [129.03967360893532, 35.10439286268618], [129.03886909859048, 35.10355492774449], [129.04224004979767, 35.10191413106284], [129.04367586047277, 35.103410637547064], [129.0398182034819, 35.10584181288946], [129.04036624750276, 35.10703056658817], [129.04373774886275, 35.10492439441351], [129.0445525636584, 35.105805842610884], [129.04088010913745, 35.10811134155702], [129.0427298111509, 35.11072215883535], [129.04001607594367, 35.111424681628996]]]]}}, {"type": "Feature", "properties": {"code": "2611052000", "sgg_code": "26110", "sgg_nm": "중구", "dong_nm": "동광동", "full_nm": "부산광역시 중구 동광동", "label_lon": 129.034388, "label_lat": 35.103037}, "geometry": {"type": "MultiPolygon", "coordinates": [[[[129.03555569376866, 35.09859276896401], [129.03642196191635, 35.099416876806934], [129.03639660461874, 35.099861606004076], [129.03627842096643, 35.10023978390636], [129.03565094795877, 35.10012581438796], [129.03499373894238, 35.101129253332836], [129.03455413716367, 35.10412439589848], [129.03497623305722, 35.106639328702144], [129.03636234032274, 35.10906711197079], [129.03437214384766, 35.10882432487668], [129.03260974459624, 35.108799613875085], [129.0321799061366, 35.1085406994727], [129.03281489523275, 35.1065930811417], [129.03416783297143, 35.1058814916527], [129.03453359439922, 35.105452786365234], [129.03444929724952, 35.10426196759577], [129.0337197926512, 35.10194909029688], [129.03331829245894, 35.10167921222269], [129.03318881897343, 35.10066136972408], [129.0335004429256, 35.09943899162662], [129.0339978556574, 35.09919459292871], [129.03493963633417, 35.09973741185006], [129.03535280927397, 35.09951184702366], [129.03555569376866, 35.09859276896401]]]]}}, {"type": "Feature", "properties": {"code": "2611053000", "sgg_code": "26110", "sgg_nm": "중구", "dong_nm": "대청동", "full_nm": "부산광역시 중구 대청동", "label_lon": 129.031297, "label_lat": 35.105667}, "geometry": {"type": "MultiPolygon", "coordinates": [[[[129.03260974459624, 35.108799613875085], [129.03271066377485, 35.10925470418034], [129.0281801287586, 35.108224225109346], [129.02828448367575, 35.104059945792386], [129.02788699095495, 35.103018873060066], [129.02790096800197, 35.102641893919525], [129.02952632902822, 35.10269623660144], [129.03215757679965, 35.10195515696858], [129.0337197926512, 35.10194909029688], [129.03444929724952, 35.10426196759577], [129.03453359439922, 35.105452786365234], [129.03416783297143, 35.1058814916527], [129.03281489523275, 35.1065930811417], [129.0321799061366, 35.1085406994727], [129.03260974459624, 35.108799613875085]]]]}}, {"type": "Feature", "properties": {"code": "2611054500", "sgg_code": "26110", "sgg_nm": "중구", "dong_nm": "보수동", "full_nm": "부산광역시 중구 보수동", "label_lon": 129.025064, "label_lat": 35.10579}, "geometry": {"type": "MultiPolygon", "coordinates": [[[[129.0270478270189, 35.11049540178221], [129.02644134577582, 35.11109330592511], [129.02293330437362, 35.10897200871045], [129.0223454872347, 35.107520394618824], [129.0212269833295, 35.10330608027158], [129.02788699095495, 35.103018873060066], [129.02828448367575, 35.104059945792386], [129.0281801287586, 35.108224225109346], [129.0270478270189, 35.11049540178221]]]]}}, {"type": "Feature", "properties": {"code": "2611056000", "sgg_code": "26110", "sgg_nm": "중구", "dong_nm": "부평동", "full_nm": "부산광역시 중구 부평동", "label_lon": 129.025379, "label_lat": 35.100996}, "geometry": {"type": "MultiPolygon", "coordinates": [[[[129.02788699095495, 35.103018873060066], [129.0212269833295, 35.10330608027158], [129.02155015581673, 35.101912113158015], [129.02423299894602, 35.10007900902957], [129.02513934775732, 35.098067127030944], [129.02782518008738, 35.09903598566782], [129.02790096800197, 35.102641893919525], [129.02788699095495, 35.103018873060066]]]]}}, {"type": "Feature", "properties": {"code": "2611057000", "sgg_code": "26110", "sgg_nm": "중구", "dong_nm": "광복동", "full_nm": "부산광역시 중구 광복동", "label_lon": 129.030578, "label_lat": 35.100199}, "geometry": {"type": "MultiPolygon", "coordinates": [[[[129.0337197926512, 35.10194909029688], [129.03215757679965, 35.10195515696858], [129.02952632902822, 35.10269623660144], [129.02790096800197, 35.102641893919525], [129.02782518008738, 35.09903598566782], [129.03119750113044, 35.099045466400625], [129.0342786589747, 35.097935985352805], [129.03543517497565, 35.098276648062544], [129.03555569376866, 35.09859276896401], [129.03535280927397, 35.09951184702366], [129.03493963633417, 35.09973741185006], [129.0339978556574, 35.09919459292871], [129.0335004429256, 35.09943899162662], [129.03318881897343, 35.10066136972408], [129.03331829245894, 35.10167921222269], [129.0337197926512, 35.10194909029688]]]]}}, {"type": "Feature", "properties": {"code": "2611058000", "sgg_code": "26110", "sgg_nm": "중구", "dong_nm": "남포동", "full_nm": "부산광역시 중구 남포동", "label_lon": 129.028528, "label_lat": 35.096655}, "geometry": {"type": "MultiPolygon", "coordinates": [[[[129.03543517497565, 35.098276648062544], [129.0342786589747, 35.097935985352805], [129.03119750113044, 35.099045466400625], [129.02782518008738, 35.09903598566782], [129.02513934775732, 35.098067127030944], [129.02621094402838, 35.09567902315304], [129.02867277741564, 35.096368901782796], [129.03389459293336, 35.09694044076042], [129.03605078546966, 35.09636390192045], [129.03666950464086, 35.09466438477779], [129.03677254168667, 35.094688827043996], [129.03543517497565, 35.098276648062544]]]]}}, {"type": "Feature", "properties": {"code": "2611059000", "sgg_code": "26110", "sgg_nm": "중구", "dong_nm": "영주1동", "full_nm": "부산광역시 중구 영주1동", "label_lon": 129.03487, "label_lat": 35.113192}, "geometry": {"type": "MultiPolygon", "coordinates": [[[[129.03820311018, 35.11200440879225], [129.03318575312613, 35.11549909573622], [129.03303906251202, 35.11437873134408], [129.03368048771335, 35.11060407499395], [129.0348201921703, 35.109129645962206], [129.03437214384766, 35.10882432487668], [129.03636234032274, 35.10906711197079], [129.03820311018, 35.11200440879225]]]]}}, {"type": "Feature", "properties": {"code": "2611060000", "sgg_code": "26110", "sgg_nm": "중구", "dong_nm": "영주2동", "full_nm": "부산광역시 중구 영주2동", "label_lon": 129.03079, "label_lat": 35.111979}, "geometry": {"type": "MultiPolygon", "coordinates": [[[[129.028223563291, 35.11733520105265], [129.02613312823212, 35.11677771480585], [129.02693127888296, 35.115945906162004], [129.02817876343198, 35.11567353238125], [129.02847345015888, 35.11283577299197], [129.02779341053562, 35.111121869158644], [129.0270478270189, 35.11049540178221], [129.0281801287586, 35.108224225109346], [129.03271066377485, 35.10925470418034], [129.03260974459624, 35.108799613875085], [129.03437214384766, 35.10882432487668], [129.0348201921703, 35.109129645962206], [129.03368048771335, 35.11060407499395], [129.03303906251202, 35.11437873134408], [129.03318575312613, 35.11549909573622], [129.032649785004, 35.115987180639884], [129.028223563291, 35.11733520105265]]]]}}, {"type": "Feature", "properties": {"code": "2614051000", "sgg_code": "26140", "sgg_nm": "서구", "dong_nm": "동대신1동", "full_nm": "부산광역시 서구 동대신1동", "label_lon": 129.022464, "label_lat": 35.110522}, "geometry": {"type": "MultiPolygon", "coordinates": [[[[129.02644134577582, 35.11109330592511], [129.02483627667038, 35.11227742324847], [129.02433182519692, 35.11240134989296], [129.0179411161764, 35.1099502773611], [129.02020509583153, 35.107625781356155], [129.0223454872347, 35.107520394618824], [129.02293330437362, 35.10897200871045], [129.02644134577582, 35.11109330592511]]]]}}, {"type": "Feature", "properties": {"code": "2614052000", "sgg_code": "26140", "sgg_nm": "서구", "dong_nm": "동대신2동", "full_nm": "부산광역시 서구 동대신2동", "label_lon": 129.02382, "label_lat": 35.11353}, "geometry": {"type": "MultiPolygon", "coordinates": [[[[129.02613312823212, 35.11677771480585], [129.02266996652608, 35.11698939025334], [129.02124120174284, 35.11510542225388], [129.02100529278795, 35.11422386279568], [129.01655744660965, 35.112476513640225], [129.0179411161764, 35.1099502773611], [129.02433182519692, 35.11240134989296], [129.02483627667038, 35.11227742324847], [129.02644134577582, 35.11109330592511], [129.0270478270189, 35.11049540178221], [129.02779341053562, 35.111121869158644], [129.02847345015888, 35.11283577299197], [129.02817876343198, 35.11567353238125], [129.02693127888296, 35.115945906162004], [129.02613312823212, 35.11677771480585]]]]}}, {"type": "Feature", "properties": {"code": "2614053000", "sgg_code": "26140", "sgg_nm": "서구", "dong_nm": "동대신3동", "full_nm": "부산광역시 서구 동대신3동", "label_lon": 129.021983, "label_lat": 35.124199}, "geometry": {"type": "MultiPolygon", "coordinates": [[[[129.02511501707022, 35.13215959431827], [129.0241203041084, 35.13402281469792], [129.02028839204192, 35.12959393485098], [129.01891092290026, 35.12643731883877], [129.0177528314945, 35.12150880163771], [129.0162976536316, 35.11772596325579], [129.01705616675906, 35.11620692329029], [129.01669011228674, 35.115625680607415], [129.01520301684627, 35.11500275546452], [129.01655744660965, 35.112476513640225], [129.02100529278795, 35.11422386279568], [129.02124120174284, 35.11510542225388], [129.02266996652608, 35.11698939025334], [129.02613312823212, 35.11677771480585], [129.02459285799694, 35.11870699558109], [129.0253764415973, 35.12196072295201], [129.02602801068727, 35.12912308810439], [129.02511501707022, 35.13215959431827]]]]}}, {"type": "Feature", "properties": {"code": "2614054000", "sgg_code": "26140", "sgg_nm": "서구", "dong_nm": "서대신1동", "full_nm": "부산광역시 서구 서대신1동", "label_lon": 129.013243, "label_lat": 35.108601}, "geometry": {"type": "MultiPolygon", "coordinates": [[[[129.01655744660965, 35.112476513640225], [129.01203918387873, 35.11134608202437], [129.01138077906185, 35.113045859469146], [129.01101030997185, 35.113214882982696], [129.01079637972342, 35.11307570613944], [129.01067277991413, 35.11210514580177], [129.00975373535215, 35.11089253037069], [129.00858213454592, 35.11082174630476], [129.0066014441067, 35.11119057051528], [129.00371121474373, 35.11067010633896], [129.00628224186983, 35.10946941892566], [129.01051364927392, 35.10559260281932], [129.0114600303096, 35.10510109032411], [129.014084541302, 35.10503496013206], [129.01652134203192, 35.107732880967234], [129.02020509583153, 35.107625781356155], [129.0179411161764, 35.1099502773611], [129.01655744660965, 35.112476513640225]]]]}}, {"type": "Feature", "properties": {"code": "2614056000", "sgg_code": "26140", "sgg_nm": "서구", "dong_nm": "서대신3동", "full_nm": "부산광역시 서구 서대신3동", "label_lon": 129.008308, "label_lat": 35.114441}, "geometry": {"type": "MultiPolygon", "coordinates": [[[[129.01520301684627, 35.11500275546452], [129.01420377299905, 35.114655901004014], [129.01348021644, 35.11588761461108], [129.01263765356742, 35.116699698935655], [129.00774398713494, 35.11747448731631], [129.00775093479052, 35.11639558338084], [129.00733966558894, 35.11634096333508], [129.00628349256965, 35.11650131702353], [129.00366049666104, 35.117775147420375], [129.0001455828842, 35.11838440909231], [129.00116361732503, 35.11422631698106], [129.00308758969084, 35.11409292109216], [129.0038037129357, 35.11324993412613], [129.00327423016125, 35.11180892870074], [129.00371121474373, 35.11067010633896], [129.0066014441067, 35.11119057051528], [129.00858213454592, 35.11082174630476], [129.00975373535215, 35.11089253037069], [129.01067277991413, 35.11210514580177], [129.01079637972342, 35.11307570613944], [129.01101030997185, 35.113214882982696], [129.01138077906185, 35.113045859469146], [129.01203918387873, 35.11134608202437], [129.01655744660965, 35.112476513640225], [129.01520301684627, 35.11500275546452]]]]}}, {"type": "Feature", "properties": {"code": "2614057000", "sgg_code": "26140", "sgg_nm": "서구", "dong_nm": "서대신4동", "full_nm": "부산광역시 서구 서대신4동", "label_lon": 129.010533, "label_lat": 35.126965}, "geometry": {"type": "MultiPolygon", "coordinates": [[[[129.00657510711716, 35.13939482809143], [129.00451760683498, 35.1395132926308], [129.0029509525376, 35.13492983407354], [129.0022473982334, 35.12742898655021], [129.00160075083318, 35.12650059096157], [128.99960902451832, 35.12585049850773], [128.9984364338778, 35.124674673858074], [128.99796856024992, 35.12254815787114], [129.0005108766161, 35.120201283690506], [129.0001455828842, 35.11838440909231], [129.00366049666104, 35.117775147420375], [129.00628349256965, 35.11650131702353], [129.00733966558894, 35.11634096333508], [129.00775093479052, 35.11639558338084], [129.00774398713494, 35.11747448731631], [129.01263765356742, 35.116699698935655], [129.01348021644, 35.11588761461108], [129.01420377299905, 35.114655901004014], [129.01520301684627, 35.11500275546452], [129.01669011228674, 35.115625680607415], [129.01705616675906, 35.11620692329029], [129.0162976536316, 35.11772596325579], [129.0177528314945, 35.12150880163771], [129.01891092290026, 35.12643731883877], [129.02028839204192, 35.12959393485098], [129.0241203041084, 35.13402281469792], [129.0208129052661, 35.13684964740355], [129.01836954745463, 35.136048317566114], [129.01708845374898, 35.1360213201635], [129.0127985249422, 35.1373987642705], [129.01132236660203, 35.13818912292582], [129.00657510711716, 35.13939482809143]]]]}}, {"type": "Feature", "properties": {"code": "2614059000", "sgg_code": "26140", "sgg_nm": "서구", "dong_nm": "부민동", "full_nm": "부산광역시 서구 부민동", "label_lon": 129.017601, "label_lat": 35.10437}, "geometry": {"type": "MultiPolygon", "coordinates": [[[[129.02020509583153, 35.107625781356155], [129.01652134203192, 35.107732880967234], [129.014084541302, 35.10503496013206], [129.01330190081796, 35.10370548837215], [129.0131159227449, 35.10246595646233], [129.0167052893247, 35.101813955908234], [129.01708596299252, 35.10211208443264], [129.01984900825542, 35.102002249731484], [129.02155015581673, 35.101912113158015], [129.0212269833295, 35.10330608027158], [129.0223454872347, 35.107520394618824], [129.02020509583153, 35.107625781356155]]]]}}, {"type": "Feature", "properties": {"code": "2614061500", "sgg_code": "26140", "sgg_nm": "서구", "dong_nm": "아미동", "full_nm": "부산광역시 서구 아미동", "label_lon": 129.013434, "label_lat": 35.100592}, "geometry": {"type": "MultiPolygon", "coordinates": [[[[129.014084541302, 35.10503496013206], [129.0114600303096, 35.10510109032411], [129.01051364927392, 35.10559260281932], [129.007432619249, 35.10182909615678], [129.00674859070077, 35.099093306672636], [129.0101352247405, 35.0993707099392], [129.0128415442461, 35.0954082362893], [129.0184111619779, 35.09877942817004], [129.01960662320698, 35.09874197738947], [129.01984900825542, 35.102002249731484], [129.01708596299252, 35.10211208443264], [129.0167052893247, 35.101813955908234], [129.0131159227449, 35.10246595646233], [129.01330190081796, 35.10370548837215], [129.014084541302, 35.10503496013206]]]]}}, {"type": "Feature", "properties": {"code": "2614063000", "sgg_code": "26140", "sgg_nm": "서구", "dong_nm": "초장동", "full_nm": "부산광역시 서구 초장동", "label_lon": 129.017325, "label_lat": 35.094789}, "geometry": {"type": "MultiPolygon", "coordinates": [[[[129.01960662320698, 35.09874197738947], [129.0184111619779, 35.09877942817004], [129.0128415442461, 35.0954082362893], [129.0138435320915, 35.094170152123006], [129.01430048622598, 35.09318594727336], [129.01442092933448, 35.09148981843454], [129.0142498785618, 35.090704094462566], [129.01588910405044, 35.09071686649716], [129.01800286651232, 35.09156453914248], [129.02000844731865, 35.092927356007756], [129.02105802674606, 35.09317137974724], [129.02151863856727, 35.09616153138217], [129.02074530018692, 35.09790186848695], [129.02005606471474, 35.09871655441659], [129.01960662320698, 35.09874197738947]]]]}}, {"type": "Feature", "properties": {"code": "2614064000", "sgg_code": "26140", "sgg_nm": "서구", "dong_nm": "충무동", "full_nm": "부산광역시 서구 충무동", "label_lon": 129.023368, "label_lat": 35.097032}, "geometry": {"type": "MultiPolygon", "coordinates": [[[[129.02155015581673, 35.101912113158015], [129.01984900825542, 35.102002249731484], [129.01960662320698, 35.09874197738947], [129.02005606471474, 35.09871655441659], [129.02074530018692, 35.09790186848695], [129.02151863856727, 35.09616153138217], [129.02105802674606, 35.09317137974724], [129.02525511343853, 35.09349654792129], [129.02621094402838, 35.09567902315304], [129.02513934775732, 35.098067127030944], [129.02423299894602, 35.10007900902957], [129.02155015581673, 35.101912113158015]]]]}}, {"type": "Feature", "properties": {"code": "2614065000", "sgg_code": "26140", "sgg_nm": "서구", "dong_nm": "남부민1동", "full_nm": "부산광역시 서구 남부민1동", "label_lon": 129.019907, "label_lat": 35.089994}, "geometry": {"type": "MultiPolygon", "coordinates": [[[[129.0260521352617, 35.086845636730835], [129.02525511343853, 35.09349654792129], [129.02105802674606, 35.09317137974724], [129.02000844731865, 35.092927356007756], [129.01800286651232, 35.09156453914248], [129.01588910405044, 35.09071686649716], [129.0142498785618, 35.090704094462566], [129.01401555533775, 35.089189657004084], [129.0166877614982, 35.08740112214039], [129.02206549229552, 35.089283095316624], [129.02201945393134, 35.08876746220323], [129.02458249468856, 35.08676994975467], [129.0260521352617, 35.086845636730835]]]]}}, {"type": "Feature", "properties": {"code": "2614068000", "sgg_code": "26140", "sgg_nm": "서구", "dong_nm": "암남동", "full_nm": "부산광역시 서구 암남동", "label_lon": 129.012992, "label_lat": 35.070009}, "geometry": {"type": "MultiPolygon", "coordinates": [[[[129.01604394795325, 35.04708839616813], [129.0159398736754, 35.04753066189713], [129.01546508171913, 35.04769292376593], [129.0159158063969, 35.04827875186748], [129.01542987973627, 35.0498781954582], [129.01471011452713, 35.050298277320216], [129.0141555600634, 35.05021845663619], [129.01391158412605, 35.04995211076924], [129.013715890268, 35.04788864648471], [129.01541972756723, 35.04690569943599], [129.0158056817169, 35.046826176056555], [129.01604394795325, 35.04708839616813]]], [[[129.0256902098285, 35.08119728083104], [129.0245227168142, 35.081270355567185], [129.02213362985566, 35.08218156827365], [129.0199292673028, 35.08218792815111], [129.0183223897898, 35.08187727940781], [129.01702346092702, 35.08276227583643], [129.01560901273115, 35.083940921681425], [129.01559313863666, 35.08443725749108], [129.0166877614982, 35.08740112214039], [129.01401555533775, 35.089189657004084], [129.013174404632, 35.08809081487248], [129.01163096171894, 35.08155531126193], [129.01131551486193, 35.0768630046373], [129.0101242610722, 35.07714196639879], [129.00834753889856, 35.07824138898025], [129.0062537658466, 35.0786305608276], [129.0044408963209, 35.0784448629278], [129.00551501021766, 35.07110188491043], [129.00937487935263, 35.065953603185335], [129.01095422901082, 35.06548665989237], [129.0119790837457, 35.06486400248598], [129.0114791873151, 35.063145725374966], [129.0083763782547, 35.062803688603935], [129.0085519325226, 35.06067543683533], [129.01063210726338, 35.052449461282364], [129.01006018126012, 35.05152711555844], [129.0083646767923, 35.0508106817845], [129.00851006022566, 35.05054995192165], [129.0153214749445, 35.052604651022016], [129.0158556740009, 35.05308634620245], [129.01625122834935, 35.053999552974496], [129.0160678655245, 35.0546362367447], [129.01547463516232, 35.05478917973837], [129.0159003003887, 35.056928285842005], [129.01871565227916, 35.05912987585638], [129.02171700709135, 35.060796863905125], [129.02227748343276, 35.06234094564348], [129.02092196177423, 35.06891649614125], [129.01716981602112, 35.072138886186714], [129.01597168618292, 35.074552762015394], [129.01644842411488, 35.07534958044418], [129.0178398341173, 35.076750344186514], [129.01953306837763, 35.07753582564397], [129.02099249264074, 35.077674247288854], [129.02118649905267, 35.07750829136169], [129.02184236511653, 35.07639080063119], [129.02203042732782, 35.07573571488612], [129.02184605775113, 35.07516083370501], [129.0221452291423, 35.07492098730334], [129.02459226925455, 35.07608456621619], [129.0256902098285, 35.08119728083104]]]]}}, {"type": "Feature", "properties": {"code": "2614066000", "sgg_code": "26140", "sgg_nm": "서구", "dong_nm": "남부민2동", "full_nm": "부산광역시 서구 남부민2동", "label_lon": 129.021148, "label_lat": 35.084869}, "geometry": {"type": "MultiPolygon", "coordinates": [[[[129.0260521352617, 35.086845636730835], [129.02458249468856, 35.08676994975467], [129.02201945393134, 35.08876746220323], [129.02206549229552, 35.089283095316624], [129.0166877614982, 35.08740112214039], [129.01559313863666, 35.08443725749108], [129.01560901273115, 35.083940921681425], [129.01702346092702, 35.08276227583643], [129.0183223897898, 35.08187727940781], [129.0199292673028, 35.08218792815111], [129.02213362985566, 35.08218156827365], [129.0245227168142, 35.081270355567185], [129.0256902098285, 35.08119728083104], [129.02664476002246, 35.08530113217267], [129.0260521352617, 35.086845636730835]]]]}}, {"type": "Feature", "properties": {"code": "2617051000", "sgg_code": "26170", "sgg_nm": "동구", "dong_nm": "초량1동", "full_nm": "부산광역시 동구 초량1동", "label_lon": 129.036401, "label_lat": 35.114968}, "geometry": {"type": "MultiPolygon", "coordinates": [[[[129.03963402301738, 35.115134364127314], [129.039305813464, 35.11480146230953], [129.037512878858, 35.115462504597765], [129.03736419457198, 35.11769421722789], [129.0364478960203, 35.118499297607976], [129.032649785004, 35.115987180639884], [129.03318575312613, 35.11549909573622], [129.03820311018, 35.11200440879225], [129.04001607594367, 35.111424681628996], [129.04107643267105, 35.11420505292346], [129.03963402301738, 35.115134364127314]]]]}}, {"type": "Feature", "properties": {"code": "2617052000", "sgg_code": "26170", "sgg_nm": "동구", "dong_nm": "초량2동", "full_nm": "부산광역시 동구 초량2동", "label_lon": 129.031861, "label_lat": 35.117763}, "geometry": {"type": "MultiPolygon", "coordinates": [[[[129.03963402301738, 35.115134364127314], [129.0412678737222, 35.117928067959994], [129.03959957639822, 35.11984629075176], [129.03829048974637, 35.120635273015836], [129.0360646782268, 35.11976081609238], [129.02998660690568, 35.118899985672414], [129.0284131299349, 35.1178318159048], [129.028223563291, 35.11733520105265], [129.032649785004, 35.115987180639884], [129.0364478960203, 35.118499297607976], [129.03736419457198, 35.11769421722789], [129.037512878858, 35.115462504597765], [129.039305813464, 35.11480146230953], [129.03963402301738, 35.115134364127314]]]]}}, {"type": "Feature", "properties": {"code": "2617053000", "sgg_code": "26170", "sgg_nm": "동구", "dong_nm": "초량3동", "full_nm": "부산광역시 동구 초량3동", "label_lon": 129.044057, "label_lat": 35.120168}, "geometry": {"type": "MultiPolygon", "coordinates": [[[[129.0500031982967, 35.12353127089618], [129.05085395149197, 35.1269035100222], [129.0513186580145, 35.13005581885113], [129.04777328201536, 35.12691310778491], [129.0473269231298, 35.126991098792715], [129.04458127130388, 35.12597726824691], [129.0427399014493, 35.122354562186054], [129.04165860007407, 35.12245669226413], [129.04123802440805, 35.12315486801605], [129.04046530966207, 35.12373644329838], [129.03845877806538, 35.124632385683206], [129.03754156791874, 35.124294005594464], [129.03829048974637, 35.120635273015836], [129.03959957639822, 35.11984629075176], [129.0412678737222, 35.117928067959994], [129.03963402301738, 35.115134364127314], [129.04107643267105, 35.11420505292346], [129.04001607594367, 35.111424681628996], [129.0427298111509, 35.11072215883535], [129.04509842599035, 35.1156815807148], [129.0458936694785, 35.11541093303595], [129.04983024202616, 35.11297791851284], [129.0508718485963, 35.11404067470242], [129.0467137826198, 35.11662495759787], [129.04785990833602, 35.119026027188504], [129.052801159818, 35.11589958853914], [129.05281807001643, 35.11761423686878], [129.04857338338374, 35.12048962567982], [129.0500031982967, 35.12353127089618]]]]}}, {"type": "Feature", "properties": {"code": "2617055000", "sgg_code": "26170", "sgg_nm": "동구", "dong_nm": "초량6동", "full_nm": "부산광역시 동구 초량6동", "label_lon": 129.031059, "label_lat": 35.125172}, "geometry": {"type": "MultiPolygon", "coordinates": [[[[129.03535761157573, 35.126049032407714], [129.03390507200524, 35.128748522952534], [129.03127828356426, 35.12945206152891], [129.02617842876697, 35.13132278258005], [129.02511501707022, 35.13215959431827], [129.02602801068727, 35.12912308810439], [129.0253764415973, 35.12196072295201], [129.02459285799694, 35.11870699558109], [129.02613312823212, 35.11677771480585], [129.028223563291, 35.11733520105265], [129.0284131299349, 35.1178318159048], [129.02998660690568, 35.118899985672414], [129.0360646782268, 35.11976081609238], [129.03829048974637, 35.120635273015836], [129.03754156791874, 35.124294005594464], [129.03535761157573, 35.126049032407714]]]]}}, {"type": "Feature", "properties": {"code": "2617056000", "sgg_code": "26170", "sgg_nm": "동구", "dong_nm": "수정1동", "full_nm": "부산광역시 동구 수정1동", "label_lon": 129.041325, "label_lat": 35.124463}, "geometry": {"type": "MultiPolygon", "coordinates": [[[[129.04458127130388, 35.12597726824691], [129.04079366942392, 35.12660187561257], [129.03695470987662, 35.12598610077939], [129.03535761157573, 35.126049032407714], [129.03754156791874, 35.124294005594464], [129.03845877806538, 35.124632385683206], [129.04046530966207, 35.12373644329838], [129.04123802440805, 35.12315486801605], [129.04165860007407, 35.12245669226413], [129.0427399014493, 35.122354562186054], [129.04458127130388, 35.12597726824691]]]]}}, {"type": "Feature", "properties": {"code": "2617057000", "sgg_code": "26170", "sgg_nm": "동구", "dong_nm": "수정2동", "full_nm": "부산광역시 동구 수정2동", "label_lon": 129.038838, "label_lat": 35.131799}, "geometry": {"type": "MultiPolygon", "coordinates": [[[[129.0346921078769, 35.137276788004414], [129.03312659718404, 35.137060487724916], [129.03178216556879, 35.13750723588042], [129.0286297054509, 35.13672547957636], [129.02801814657647, 35.136510464332936], [129.0270226263044, 35.135353856036325], [129.03123188856284, 35.134112534277364], [129.03303575622922, 35.133130933068145], [129.03870282140744, 35.12929523030804], [129.04512729144892, 35.12783689690462], [129.0453802322858, 35.1276751838876], [129.04458127130388, 35.12597726824691], [129.0473269231298, 35.126991098792715], [129.04777328201536, 35.12691310778491], [129.0513186580145, 35.13005581885113], [129.04698313430507, 35.1314482589463], [129.04619033190215, 35.132149426566016], [129.04460993901557, 35.130742978316285], [129.04028895808125, 35.13309709153704], [129.0346921078769, 35.137276788004414]]]]}}, {"type": "Feature", "properties": {"code": "2617059000", "sgg_code": "26170", "sgg_nm": "동구", "dong_nm": "수정4동", "full_nm": "부산광역시 동구 수정4동", "label_lon": 129.032909, "label_lat": 35.130387}, "geometry": {"type": "MultiPolygon", "coordinates": [[[[129.04458127130388, 35.12597726824691], [129.0453802322858, 35.1276751838876], [129.04512729144892, 35.12783689690462], [129.03870282140744, 35.12929523030804], [129.03303575622922, 35.133130933068145], [129.03123188856284, 35.134112534277364], [129.0270226263044, 35.135353856036325], [129.02626801195456, 35.13512017602269], [129.0241203041084, 35.13402281469792], [129.02511501707022, 35.13215959431827], [129.02617842876697, 35.13132278258005], [129.03127828356426, 35.12945206152891], [129.03390507200524, 35.128748522952534], [129.03535761157573, 35.126049032407714], [129.03695470987662, 35.12598610077939], [129.04079366942392, 35.12660187561257], [129.04458127130388, 35.12597726824691]]]]}}, {"type": "Feature", "properties": {"code": "2617060000", "sgg_code": "26170", "sgg_nm": "동구", "dong_nm": "수정5동", "full_nm": "부산광역시 동구 수정5동", "label_lon": 129.041816, "label_lat": 35.134894}, "geometry": {"type": "MultiPolygon", "coordinates": [[[[129.04698794739215, 35.13872088055192], [129.0438290926688, 35.140143978161774], [129.03739092998867, 35.139408562001435], [129.0346921078769, 35.137276788004414], [129.04028895808125, 35.13309709153704], [129.04460993901557, 35.130742978316285], [129.04619033190215, 35.132149426566016], [129.04534324136182, 35.133031526495856], [129.04531815765733, 35.13410723762067], [129.0461819387941, 35.135681627382176], [129.0474777543425, 35.137123031106334], [129.04698794739215, 35.13872088055192]]]]}}, {"type": "Feature", "properties": {"code": "2617066000", "sgg_code": "26170", "sgg_nm": "동구", "dong_nm": "범일2동", "full_nm": "부산광역시 동구 범일2동", "label_lon": 129.061308, "label_lat": 35.135127}, "geometry": {"type": "MultiPolygon", "coordinates": [[[[129.06448312933315, 35.141392386501934], [129.0589289667993, 35.14149126488113], [129.05726691852584, 35.142027059676465], [129.05703346138276, 35.135997509426794], [129.05640816579665, 35.134256208514884], [129.05949043743027, 35.1342435267348], [129.06008073234347, 35.12958652959514], [129.0653328127233, 35.12991361048902], [129.06609470918582, 35.136977523857595], [129.06448312933315, 35.141392386501934]]]]}}, {"type": "Feature", "properties": {"code": "2617065000", "sgg_code": "26170", "sgg_nm": "동구", "dong_nm": "범일1동", "full_nm": "부산광역시 동구 범일1동", "label_lon": 129.048151, "label_lat": 35.141429}, "geometry": {"type": "MultiPolygon", "coordinates": [[[[129.05726691852584, 35.142027059676465], [129.0548523468793, 35.14191472436361], [129.0520636062622, 35.1421890164321], [129.0516612984889, 35.14235895885646], [129.05084673457657, 35.14335069263142], [129.04631209110994, 35.14560638503994], [129.0452237803764, 35.145999578147745], [129.04162326583617, 35.146192593302644], [129.04089357733665, 35.14606350182833], [129.03940153148486, 35.144480031225214], [129.0390617013693, 35.14354255017697], [129.03936863126353, 35.142582764130054], [129.03892744027934, 35.14094327189362], [129.03739092998867, 35.139408562001435], [129.0438290926688, 35.140143978161774], [129.04698794739215, 35.13872088055192], [129.0487093119482, 35.13827038836295], [129.04979587924743, 35.13649068653586], [129.05092625709884, 35.13661804120411], [129.0517817422794, 35.13708042607163], [129.05703346138276, 35.135997509426794], [129.05726691852584, 35.142027059676465]]]]}}, {"type": "Feature", "properties": {"code": "2617068000", "sgg_code": "26170", "sgg_nm": "동구", "dong_nm": "범일5동", "full_nm": "부산광역시 동구 범일5동", "label_lon": 129.057359, "label_lat": 35.126357}, "geometry": {"type": "MultiPolygon", "coordinates": [[[[129.0653328127233, 35.12991361048902], [129.06008073234347, 35.12958652959514], [129.05949043743027, 35.1342435267348], [129.05640816579665, 35.134256208514884], [129.0513186580145, 35.13005581885113], [129.05085395149197, 35.1269035100222], [129.0500031982967, 35.12353127089618], [129.05270669290672, 35.12567252791694], [129.05454586808386, 35.12581039736536], [129.0553279538692, 35.12531762937498], [129.05525090853658, 35.1229337739466], [129.05253025341025, 35.12069349408506], [129.05273947627137, 35.120125422565714], [129.05603771966514, 35.1179864214885], [129.06486731932878, 35.127265456876714], [129.06465331786407, 35.128935105305914], [129.06529893880335, 35.129623107486516], [129.0653328127233, 35.12991361048902]]]]}}, {"type": "Feature", "properties": {"code": "2617064500", "sgg_code": "26170", "sgg_nm": "동구", "dong_nm": "좌천동", "full_nm": "부산광역시 동구 좌천동", "label_lon": 129.051228, "label_lat": 35.134969}, "geometry": {"type": "MultiPolygon", "coordinates": [[[[129.05703346138276, 35.135997509426794], [129.0517817422794, 35.13708042607163], [129.05092625709884, 35.13661804120411], [129.04979587924743, 35.13649068653586], [129.0487093119482, 35.13827038836295], [129.04698794739215, 35.13872088055192], [129.0474777543425, 35.137123031106334], [129.0461819387941, 35.135681627382176], [129.04531815765733, 35.13410723762067], [129.04534324136182, 35.133031526495856], [129.04619033190215, 35.132149426566016], [129.04698313430507, 35.1314482589463], [129.0513186580145, 35.13005581885113], [129.05640816579665, 35.134256208514884], [129.05703346138276, 35.135997509426794]]]]}}, {"type": "Feature", "properties": {"code": "2620053000", "sgg_code": "26200", "sgg_nm": "영도구", "dong_nm": "남항동", "full_nm": "부산광역시 영도구 남항동", "label_lon": 129.03708, "label_lat": 35.089678}, "geometry": {"type": "MultiPolygon", "coordinates": [[[[129.03849708055327, 35.09362267838633], [129.03820324190048, 35.09358770340358], [129.03692475467798, 35.09472353010395], [129.03677254168667, 35.094688827043996], [129.03666950464086, 35.09466438477779], [129.03605780145315, 35.0945162401904], [129.0367085491223, 35.09263950913351], [129.03740893464285, 35.09238198018995], [129.0370986358608, 35.09187216050464], [129.03333536690232, 35.093338423453005], [129.03312854266, 35.09385487609015], [129.03357122428315, 35.09399873730596], [129.0331309208288, 35.094369971163715], [129.03161483031937, 35.09403539690219], [129.03131069883, 35.092543545857794], [129.03471378597376, 35.08512071364402], [129.0385408785104, 35.081877990359324], [129.0402259912706, 35.083298864817515], [129.0397877494992, 35.083704290087766], [129.0386689335935, 35.08412556054365], [129.03862980898322, 35.08433639969953], [129.04036806478956, 35.08748430831864], [129.04283943351908, 35.09212691791426], [129.03849708055327, 35.09362267838633]]]]}}, {"type": "Feature", "properties": {"code": "2620054000", "sgg_code": "26200", "sgg_nm": "영도구", "dong_nm": "영선1동", "full_nm": "부산광역시 영도구 영선1동", "label_lon": 129.042898, "label_lat": 35.088464}, "geometry": {"type": "MultiPolygon", "coordinates": [[[[129.0454172563846, 35.091525680193755], [129.04404056896578, 35.09167611018092], [129.04283943351908, 35.09212691791426], [129.04036806478956, 35.08748430831864], [129.0431692821788, 35.08649346115766], [129.04348511171776, 35.086386748011215], [129.04390883144026, 35.086899242900365], [129.0455296085018, 35.08944400116876], [129.0454172563846, 35.091525680193755]]]]}}, {"type": "Feature", "properties": {"code": "2620055000", "sgg_code": "26200", "sgg_nm": "영도구", "dong_nm": "영선2동", "full_nm": "부산광역시 영도구 영선2동", "label_lon": 129.043476, "label_lat": 35.080321}, "geometry": {"type": "MultiPolygon", "coordinates": [[[[129.0431692821788, 35.08649346115766], [129.04036806478956, 35.08748430831864], [129.03862980898322, 35.08433639969953], [129.0386689335935, 35.08412556054365], [129.0397877494992, 35.083704290087766], [129.0402259912706, 35.083298864817515], [129.0385408785104, 35.081877990359324], [129.03988638379454, 35.08073177231655], [129.0403922937171, 35.08071271506291], [129.0408546859814, 35.081005071287294], [129.04177169213045, 35.080505238702315], [129.04869481832498, 35.07492777057668], [129.05175715947638, 35.07284250738603], [129.05241644876574, 35.07351365451516], [129.05530929773897, 35.07861134258676], [129.05588684069645, 35.081628980706896], [129.05526468625428, 35.08217628232971], [129.05289947558393, 35.07903621584848], [129.05164305163913, 35.07855550552987], [129.05100029595036, 35.07942805141032], [129.04998954119347, 35.07978792909506], [129.0461474639789, 35.08013612884414], [129.04521915424598, 35.07975731751078], [129.04255583517175, 35.08536297595879], [129.0431692821788, 35.08649346115766]]]]}}, {"type": "Feature", "properties": {"code": "2620059000", "sgg_code": "26200", "sgg_nm": "영도구", "dong_nm": "봉래1동", "full_nm": "부산광역시 영도구 봉래1동", "label_lon": 129.042627, "label_lat": 35.094362}, "geometry": {"type": "MultiPolygon", "coordinates": [[[[129.0464697512317, 35.096801995466556], [129.04536495219048, 35.097186383834774], [129.0442102601577, 35.09695021925718], [129.0405667877743, 35.09584436597627], [129.0395042524266, 35.09522517906751], [129.0393019152104, 35.09510043095617], [129.03849708055327, 35.09362267838633], [129.04283943351908, 35.09212691791426], [129.04404056896578, 35.09167611018092], [129.0454172563846, 35.091525680193755], [129.04628936208434, 35.093005876444956], [129.0464697512317, 35.096801995466556]]]]}}, {"type": "Feature", "properties": {"code": "2620063000", "sgg_code": "26200", "sgg_nm": "영도구", "dong_nm": "청학1동", "full_nm": "부산광역시 영도구 청학1동", "label_lon": 129.057134, "label_lat": 35.094274}, "geometry": {"type": "MultiPolygon", "coordinates": [[[[129.0624108356309, 35.09879636181655], [129.05887280802412, 35.100553177415314], [129.05794213264312, 35.10124062215544], [129.0552121991963, 35.10087326820459], [129.05142568703323, 35.09976376259123], [129.05127660024013, 35.099491871382384], [129.05142902883142, 35.09918389570978], [129.05319886736538, 35.09475694601783], [129.05506870182467, 35.09379015606321], [129.05604645567033, 35.09291099451701], [129.0556508832992, 35.09115929988293], [129.05418523463047, 35.08962070468049], [129.0534886100303, 35.08699321776928], [129.05383061177218, 35.086551260841766], [129.05522001959255, 35.08743999654482], [129.05954348005605, 35.09237114661842], [129.0610947816034, 35.09736417700716], [129.06217527975082, 35.09884361116501], [129.0624108356309, 35.09879636181655]]]]}}, {"type": "Feature", "properties": {"code": "2620064000", "sgg_code": "26200", "sgg_nm": "영도구", "dong_nm": "청학2동", "full_nm": "부산광역시 영도구 청학2동", "label_lon": 129.065019, "label_lat": 35.089617}, "geometry": {"type": "MultiPolygon", "coordinates": [[[[129.0624108356309, 35.09879636181655], [129.06217527975082, 35.09884361116501], [129.0610947816034, 35.09736417700716], [129.05954348005605, 35.09237114661842], [129.05522001959255, 35.08743999654482], [129.05383061177218, 35.086551260841766], [129.05526468625428, 35.08217628232971], [129.05588684069645, 35.081628980706896], [129.05716813272775, 35.08146609591515], [129.0630550003986, 35.083349271000856], [129.065402548374, 35.08436632964785], [129.06717785676702, 35.08559633945952], [129.0670949969721, 35.087300956117225], [129.06924984959872, 35.088027826882566], [129.07062836612025, 35.08804320524379], [129.0718457188187, 35.08873293236685], [129.07397313968977, 35.09050019218429], [129.07095668973585, 35.09394732627968], [129.06843392637214, 35.0959886495736], [129.0624108356309, 35.09879636181655]]]]}}, {"type": "Feature", "properties": {"code": "2620065000", "sgg_code": "26200", "sgg_nm": "영도구", "dong_nm": "동삼1동", "full_nm": "부산광역시 영도구 동삼1동", "label_lon": 129.064404, "label_lat": 35.074617}, "geometry": {"type": "MultiPolygon", "coordinates": [[[[129.07773826694967, 35.08363723788417], [129.07670138154603, 35.08316845402885], [129.07573895109306, 35.08444208064407], [129.07293068840698, 35.08466832305162], [129.0648717744555, 35.080155701323896], [129.06324615093595, 35.08081778316349], [129.06180907630718, 35.08063346660193], [129.061757929786, 35.079659431755594], [129.06255856271352, 35.07743525887552], [129.05938298504802, 35.07750214073683], [129.05716813272775, 35.08146609591515], [129.05588684069645, 35.081628980706896], [129.05530929773897, 35.07861134258676], [129.05241644876574, 35.07351365451516], [129.05175715947638, 35.07284250738603], [129.0515874535953, 35.07266973861163], [129.05201491934986, 35.07214930412287], [129.056874097004, 35.069404533504134], [129.06266900093178, 35.069490108037236], [129.06371902148774, 35.06921174675145], [129.0650917205994, 35.068391021534396], [129.06823942899652, 35.0657659732011], [129.06861369085917, 35.06498975278993], [129.07370297741969, 35.06685271637723], [129.07625563957717, 35.069275036347285], [129.07676030057982, 35.0708357286029], [129.07610188021627, 35.07379505581801], [129.07542887406927, 35.07543900396658], [129.08174027907418, 35.077713820938776], [129.07773826694967, 35.08363723788417]]]]}}, {"type": "Feature", "properties": {"code": "2620066000", "sgg_code": "26200", "sgg_nm": "영도구", "dong_nm": "동삼2동", "full_nm": "부산광역시 영도구 동삼2동", "label_lon": 129.076919, "label_lat": 35.064608}, "geometry": {"type": "MultiPolygon", "coordinates": [[[[129.06861369085917, 35.06498975278993], [129.0664376442971, 35.06422556596313], [129.06642137279437, 35.06251388888954], [129.06751872968087, 35.06247812674186], [129.06811029472468, 35.062163117832576], [129.07040053471204, 35.0595908562092], [129.07084353986636, 35.05848088519553], [129.07213378039089, 35.05870514758565], [129.07298974987012, 35.05925346237474], [129.0739327743213, 35.0604218463886], [129.07542665965934, 35.060795051513885], [129.07725765927427, 35.06038842741337], [129.0807297458055, 35.05625246261821], [129.08163050663802, 35.054006692420394], [129.08134759601586, 35.05348106749892], [129.081392400905, 35.05245081794363], [129.0820087092498, 35.05101786904055], [129.0828241798112, 35.05039004124796], [129.0861401371516, 35.049283807611765], [129.08766909074816, 35.04943238354505], [129.0908770281371, 35.050717929029034], [129.09238575021695, 35.05174121749358], [129.0951814875061, 35.05683086636438], [129.09650163855255, 35.05971983809037], [129.09610107525427, 35.060060543941994], [129.09386959934116, 35.060770703892366], [129.09220822436703, 35.06097052019588], [129.08770325367612, 35.062936562753364], [129.08677426429244, 35.063805766628654], [129.08424469125157, 35.06819829962453], [129.08148880027883, 35.069300235034525], [129.08014546155107, 35.070606618832], [129.07997959519076, 35.071384545121525], [129.08553517035213, 35.073939670489835], [129.08656092572625, 35.072731844254605], [129.09094395158382, 35.074211753952625], [129.0942659818991, 35.077420685080064], [129.09494563093943, 35.07896520939922], [129.09427059287262, 35.08069260653919], [129.0905022449656, 35.080377303303756], [129.0885969519089, 35.07971471558563], [129.08332667287016, 35.07951883785624], [129.08350887474776, 35.07611980355497], [129.08492386409685, 35.074491201127486], [129.08428764400523, 35.07420303580277], [129.08174027907418, 35.077713820938776], [129.07542887406927, 35.07543900396658], [129.07610188021627, 35.07379505581801], [129.07676030057982, 35.0708357286029], [129.07625563957717, 35.069275036347285], [129.07370297741969, 35.06685271637723], [129.06861369085917, 35.06498975278993]]]]}}, {"type": "Feature", "properties": {"code": "2620067000", "sgg_code": "26200", "sgg_nm": "영도구", "dong_nm": "동삼3동", "full_nm": "부산광역시 영도구 동삼3동", "label_lon": 129.068151, "label_lat": 35.084002}, "geometry": {"type": "MultiPolygon", "coordinates": [[[[129.07773826694967, 35.08363723788417], [129.0790288763826, 35.08490468900443], [129.07397313968977, 35.09050019218429], [129.0718457188187, 35.08873293236685], [129.07062836612025, 35.08804320524379], [129.06924984959872, 35.088027826882566], [129.0670949969721, 35.087300956117225], [129.06717785676702, 35.08559633945952], [129.065402548374, 35.08436632964785], [129.0630550003986, 35.083349271000856], [129.05716813272775, 35.08146609591515], [129.05938298504802, 35.07750214073683], [129.06255856271352, 35.07743525887552], [129.061757929786, 35.079659431755594], [129.06180907630718, 35.08063346660193], [129.06324615093595, 35.08081778316349], [129.0648717744555, 35.080155701323896], [129.07293068840698, 35.08466832305162], [129.07573895109306, 35.08444208064407], [129.07670138154603, 35.08316845402885], [129.07773826694967, 35.08363723788417]]]]}}, {"type": "Feature", "properties": {"code": "2620058500", "sgg_code": "26200", "sgg_nm": "영도구", "dong_nm": "신선동", "full_nm": "부산광역시 영도구 신선동", "label_lon": 129.048443, "label_lat": 35.085875}, "geometry": {"type": "MultiPolygon", "coordinates": [[[[129.0534886100303, 35.08699321776928], [129.0523472500847, 35.088194001718726], [129.04651724806752, 35.09258531741625], [129.04628936208434, 35.093005876444956], [129.0454172563846, 35.091525680193755], [129.0455296085018, 35.08944400116876], [129.04390883144026, 35.086899242900365], [129.04348511171776, 35.086386748011215], [129.0431692821788, 35.08649346115766], [129.04255583517175, 35.08536297595879], [129.04521915424598, 35.07975731751078], [129.0461474639789, 35.08013612884414], [129.04998954119347, 35.07978792909506], [129.05100029595036, 35.07942805141032], [129.05164305163913, 35.07855550552987], [129.05289947558393, 35.07903621584848], [129.05526468625428, 35.08217628232971], [129.05383061177218, 35.086551260841766], [129.0534886100303, 35.08699321776928]]]]}}, {"type": "Feature", "properties": {"code": "2620060500", "sgg_code": "26200", "sgg_nm": "영도구", "dong_nm": "봉래2동", "full_nm": "부산광역시 영도구 봉래2동", "label_lon": 129.050906, "label_lat": 35.093398}, "geometry": {"type": "MultiPolygon", "coordinates": [[[[129.0534886100303, 35.08699321776928], [129.05418523463047, 35.08962070468049], [129.0556508832992, 35.09115929988293], [129.05604645567033, 35.09291099451701], [129.05506870182467, 35.09379015606321], [129.05319886736538, 35.09475694601783], [129.05142902883142, 35.09918389570978], [129.05143245520634, 35.09858943863763], [129.04985993603168, 35.098252959936254], [129.0480492970573, 35.096411923896675], [129.04900890952442, 35.09572445500769], [129.0488140276164, 35.09530728461874], [129.04700498120116, 35.09582958420945], [129.0464697512317, 35.096801995466556], [129.04628936208434, 35.093005876444956], [129.04651724806752, 35.09258531741625], [129.0523472500847, 35.088194001718726], [129.0534886100303, 35.08699321776928]]]]}}, {"type": "Feature", "properties": {"code": "2623052000", "sgg_code": "26230", "sgg_nm": "부산진구", "dong_nm": "부전2동", "full_nm": "부산광역시 부산진구 부전2동", "label_lon": 129.056787, "label_lat": 35.154557}, "geometry": {"type": "MultiPolygon", "coordinates": [[[[129.062296290871, 35.157826179074895], [129.05989614511245, 35.15843697633378], [129.05669395979095, 35.15782367117933], [129.05265293405955, 35.157782491731844], [129.05059000704333, 35.15700899673491], [129.0498524981035, 35.15526250717726], [129.0526245277886, 35.153850769132184], [129.0549126554299, 35.15173310395606], [129.05700864775724, 35.15054706480639], [129.06238441539764, 35.15060948487617], [129.062296290871, 35.157826179074895]]]]}}, {"type": "Feature", "properties": {"code": "2623054000", "sgg_code": "26230", "sgg_nm": "부산진구", "dong_nm": "연지동", "full_nm": "부산광역시 부산진구 연지동", "label_lon": 129.053632, "label_lat": 35.171668}, "geometry": {"type": "MultiPolygon", "coordinates": [[[[129.05750356924722, 35.17607940170225], [129.05343868823797, 35.17605312459886], [129.05289166186282, 35.176906351362845], [129.04663900359324, 35.173441326162106], [129.04478914623417, 35.171770721086126], [129.04530994480783, 35.17002317031408], [129.04654438622208, 35.16876989552563], [129.047631937924, 35.16833881489427], [129.0505126513413, 35.16849860545993], [129.05164977180436, 35.16964637667723], [129.05207665301452, 35.16956254633681], [129.05314945518037, 35.166591772988276], [129.05619222556024, 35.16681853464443], [129.0616370859346, 35.169812127438476], [129.0616477106441, 35.171565442855254], [129.06264388925382, 35.17152128682669], [129.05759592231817, 35.17523018315855], [129.05750356924722, 35.17607940170225]]]]}}, {"type": "Feature", "properties": {"code": "2623055000", "sgg_code": "26230", "sgg_nm": "부산진구", "dong_nm": "초읍동", "full_nm": "부산광역시 부산진구 초읍동", "label_lon": 129.036499, "label_lat": 35.185287}, "geometry": {"type": "MultiPolygon", "coordinates": [[[[129.0438683820718, 35.19838776771251], [129.03955215930657, 35.199500133369256], [129.0355523703332, 35.19845029507213], [129.03380990869755, 35.197623863181526], [129.03310909152344, 35.19637447612167], [129.03194221826087, 35.195268256437295], [129.02752960105158, 35.1935051745276], [129.02549974111307, 35.19340832866706], [129.02533579705582, 35.19260155061367], [129.02464219915262, 35.1913683133234], [129.02303102339076, 35.18934651555165], [129.02114382379534, 35.187751167562425], [129.02174892241595, 35.18351552150814], [129.02221055823685, 35.183164335366435], [129.0238044237239, 35.183040099717886], [129.02462140895003, 35.18267340743311], [129.02803389895814, 35.18316696805635], [129.02908849653377, 35.18286977888757], [129.0307787008733, 35.181413395837474], [129.03258848045257, 35.18146183774046], [129.03373325546534, 35.18105829553807], [129.03479996954076, 35.180442208807015], [129.03575774447265, 35.179463404575195], [129.0356650862315, 35.17874135864787], [129.03677638074697, 35.177023561397704], [129.04191815255828, 35.17317695841911], [129.04478914623417, 35.171770721086126], [129.04663900359324, 35.173441326162106], [129.05289166186282, 35.176906351362845], [129.05343868823797, 35.17605312459886], [129.05750356924722, 35.17607940170225], [129.05749574751223, 35.17722457655975], [129.0585078830837, 35.17846653974059], [129.06028236057267, 35.180001610746295], [129.061656377898, 35.18025331078587], [129.0612026480533, 35.183892703158996], [129.05664071246315, 35.18446486374092], [129.05396744224095, 35.18432487696533], [129.05203714806433, 35.18477676258272], [129.05096544903554, 35.185797890528434], [129.04823068461795, 35.189585587352575], [129.04697401242035, 35.19185820508527], [129.0470640051009, 35.1929209788593], [129.04768709934498, 35.194205354841635], [129.0438683820718, 35.19838776771251]]]]}}, {"type": "Feature", "properties": {"code": "2623056000", "sgg_code": "26230", "sgg_nm": "부산진구", "dong_nm": "양정1동", "full_nm": "부산광역시 부산진구 양정1동", "label_lon": 129.065128, "label_lat": 35.173232}, "geometry": {"type": "MultiPolygon", "coordinates": [[[[129.06734108929712, 35.17690107955667], [129.06296520189372, 35.17748983675622], [129.0627278682078, 35.178697763504694], [129.06202588212034, 35.18004413881789], [129.061656377898, 35.18025331078587], [129.06028236057267, 35.180001610746295], [129.0585078830837, 35.17846653974059], [129.05749574751223, 35.17722457655975], [129.05750356924722, 35.17607940170225], [129.05759592231817, 35.17523018315855], [129.06264388925382, 35.17152128682669], [129.06566956336798, 35.169854062447754], [129.06701015742772, 35.16786555782873], [129.06748128981195, 35.169712894072994], [129.0682290486305, 35.16904395346938], [129.06962456851141, 35.16711730241384], [129.0716049653039, 35.16525140184601], [129.07405520642814, 35.165790465686825], [129.07885434069456, 35.16573285715992], [129.07929423261035, 35.16666806021193], [129.07856141924435, 35.16634725548471], [129.07708149820442, 35.166328878875426], [129.0763068465207, 35.166528104576145], [129.074617846178, 35.16776318393204], [129.074408665855, 35.16835351450093], [129.07461962809512, 35.170116106833255], [129.07387416352833, 35.171672849817696], [129.0727874604993, 35.171357750662615], [129.0675722231832, 35.174791735546215], [129.0677775797256, 35.17656549217236], [129.06734108929712, 35.17690107955667]]]]}}, {"type": "Feature", "properties": {"code": "2623057000", "sgg_code": "26230", "sgg_nm": "부산진구", "dong_nm": "양정2동", "full_nm": "부산광역시 부산진구 양정2동", "label_lon": 129.075079, "label_lat": 35.173268}, "geometry": {"type": "MultiPolygon", "coordinates": [[[[129.07503185727796, 35.17759275872808], [129.07190730762048, 35.17958722641382], [129.07194289180015, 35.177935657163935], [129.07026728099098, 35.175833357740096], [129.0677775797256, 35.17656549217236], [129.0675722231832, 35.174791735546215], [129.0727874604993, 35.171357750662615], [129.07387416352833, 35.171672849817696], [129.07461962809512, 35.170116106833255], [129.074408665855, 35.16835351450093], [129.074617846178, 35.16776318393204], [129.0763068465207, 35.166528104576145], [129.07708149820442, 35.166328878875426], [129.07856141924435, 35.16634725548471], [129.07929423261035, 35.16666806021193], [129.08081055997448, 35.167741894365136], [129.08199058285598, 35.17124541577598], [129.08192432748382, 35.171744974445275], [129.07795730420128, 35.17540188762863], [129.07503185727796, 35.17759275872808]]]]}}, {"type": "Feature", "properties": {"code": "2623061000", "sgg_code": "26230", "sgg_nm": "부산진구", "dong_nm": "전포2동", "full_nm": "부산광역시 부산진구 전포2동", "label_lon": 129.071255, "label_lat": 35.163834}, "geometry": {"type": "MultiPolygon", "coordinates": [[[[129.07885434069456, 35.16573285715992], [129.07405520642814, 35.165790465686825], [129.0716049653039, 35.16525140184601], [129.06962456851141, 35.16711730241384], [129.0682290486305, 35.16904395346938], [129.06748128981195, 35.169712894072994], [129.06701015742772, 35.16786555782873], [129.0625815011696, 35.162220826624335], [129.06223222925945, 35.16097116079277], [129.062296290871, 35.157826179074895], [129.06974803371304, 35.15769229294606], [129.07306663390716, 35.15835147337797], [129.07589599690328, 35.16013431921083], [129.07851942589934, 35.162416696134976], [129.07885434069456, 35.16573285715992]]]]}}, {"type": "Feature", "properties": {"code": "2623064000", "sgg_code": "26230", "sgg_nm": "부산진구", "dong_nm": "부암1동", "full_nm": "부산광역시 부산진구 부암1동", "label_lon": 129.048535, "label_lat": 35.164468}, "geometry": {"type": "MultiPolygon", "coordinates": [[[[129.05314945518037, 35.166591772988276], [129.05207665301452, 35.16956254633681], [129.05164977180436, 35.16964637667723], [129.0505126513413, 35.16849860545993], [129.047631937924, 35.16833881489427], [129.04654438622208, 35.16876989552563], [129.04530994480783, 35.17002317031408], [129.04422139328574, 35.16850854381042], [129.0438369755137, 35.16756653712154], [129.04251410098448, 35.16613567278057], [129.04495994536362, 35.16280036761826], [129.04864961873886, 35.16233332636557], [129.0494796042502, 35.161792957135866], [129.0499480988223, 35.16076401008832], [129.05060567828215, 35.15790413667091], [129.04941263478068, 35.157313380833166], [129.05059000704333, 35.15700899673491], [129.05265293405955, 35.157782491731844], [129.05267490556565, 35.159583669880384], [129.05362978383218, 35.161036934980814], [129.05314945518037, 35.166591772988276]]]]}}, {"type": "Feature", "properties": {"code": "2623066000", "sgg_code": "26230", "sgg_nm": "부산진구", "dong_nm": "부암3동", "full_nm": "부산광역시 부산진구 부암3동", "label_lon": 129.034448, "label_lat": 35.174192}, "geometry": {"type": "MultiPolygon", "coordinates": [[[[129.04478914623417, 35.171770721086126], [129.04191815255828, 35.17317695841911], [129.03677638074697, 35.177023561397704], [129.0356650862315, 35.17874135864787], [129.03575774447265, 35.179463404575195], [129.03479996954076, 35.180442208807015], [129.03373325546534, 35.18105829553807], [129.03258848045257, 35.18146183774046], [129.0307787008733, 35.181413395837474], [129.02908849653377, 35.18286977888757], [129.02803389895814, 35.18316696805635], [129.02462140895003, 35.18267340743311], [129.0238044237239, 35.183040099717886], [129.0235620302322, 35.18074137166615], [129.0225151278537, 35.17911186863452], [129.02149994647763, 35.17831970499822], [129.0227279823316, 35.177592427041894], [129.0248860944303, 35.17683712425125], [129.02814132206814, 35.17464044158024], [129.0290427453328, 35.172559635681914], [129.03106972363327, 35.17374390438721], [129.0328902377068, 35.17221976989555], [129.03550313415647, 35.1691149709596], [129.03768925159773, 35.16750347125607], [129.03870775744605, 35.16747135857921], [129.03979871345797, 35.167515647236236], [129.0406182811219, 35.16692239971304], [129.0410634042753, 35.16604926844185], [129.04251410098448, 35.16613567278057], [129.0438369755137, 35.16756653712154], [129.04422139328574, 35.16850854381042], [129.04530994480783, 35.17002317031408], [129.04478914623417, 35.171770721086126]]]]}}, {"type": "Feature", "properties": {"code": "2623068000", "sgg_code": "26230", "sgg_nm": "부산진구", "dong_nm": "당감2동", "full_nm": "부산광역시 부산진구 당감2동", "label_lon": 129.042054, "label_lat": 35.15872}, "geometry": {"type": "MultiPolygon", "coordinates": [[[[129.04941263478068, 35.157313380833166], [129.05060567828215, 35.15790413667091], [129.0499480988223, 35.16076401008832], [129.0494796042502, 35.161792957135866], [129.04864961873886, 35.16233332636557], [129.04495994536362, 35.16280036761826], [129.04004688247554, 35.16159892632506], [129.03353862255187, 35.159536435695536], [129.03394479172792, 35.15734585299633], [129.0335965827089, 35.15754050743451], [129.030947124406, 35.15666560337695], [129.02949434575814, 35.15567576301923], [129.03166370412623, 35.156016960329765], [129.03770643397237, 35.15692001384941], [129.0386855721772, 35.155986877139355], [129.04066638811037, 35.15585459347083], [129.04230157092374, 35.15626399315964], [129.04406108880457, 35.15742972191347], [129.04593987093224, 35.15665577868322], [129.04941263478068, 35.157313380833166]]]]}}, {"type": "Feature", "properties": {"code": "2623070000", "sgg_code": "26230", "sgg_nm": "부산진구", "dong_nm": "당감4동", "full_nm": "부산광역시 부산진구 당감4동", "label_lon": 129.030339, "label_lat": 35.170204}, "geometry": {"type": "MultiPolygon", "coordinates": [[[[129.03870775744605, 35.16747135857921], [129.03768925159773, 35.16750347125607], [129.03550313415647, 35.1691149709596], [129.0328902377068, 35.17221976989555], [129.03106972363327, 35.17374390438721], [129.0290427453328, 35.172559635681914], [129.02814132206814, 35.17464044158024], [129.0248860944303, 35.17683712425125], [129.0227279823316, 35.177592427041894], [129.02149994647763, 35.17831970499822], [129.0218547000437, 35.17394168746243], [129.02444337889835, 35.171292936125795], [129.03267412448724, 35.16585657490764], [129.03640124567863, 35.16456635043043], [129.03951873217332, 35.163988408361185], [129.03870775744605, 35.16747135857921]]]]}}, {"type": "Feature", "properties": {"code": "2623072000", "sgg_code": "26230", "sgg_nm": "부산진구", "dong_nm": "가야2동", "full_nm": "부산광역시 부산진구 가야2동", "label_lon": 129.025871, "label_lat": 35.145454}, "geometry": {"type": "MultiPolygon", "coordinates": [[[[129.02626801195456, 35.13512017602269], [129.025621497209, 35.13891074629382], [129.02591033432842, 35.14014230821154], [129.02743131512784, 35.1437644431368], [129.03036817999515, 35.14743844849194], [129.03373494958953, 35.147143752764414], [129.03252259642787, 35.15015500369005], [129.03244372611795, 35.15267626387308], [129.03166370412623, 35.156016960329765], [129.02949434575814, 35.15567576301923], [129.02903177651496, 35.15558547839855], [129.0291861368509, 35.15541052313759], [129.0275900896281, 35.153495824819736], [129.0271085667296, 35.15298377372442], [129.02665285416907, 35.152916150908936], [129.02330642614763, 35.1489163670636], [129.0233937158775, 35.14744326780528], [129.02241528645573, 35.14294987472985], [129.02252345489103, 35.1398721796446], [129.0208129052661, 35.13684964740355], [129.0241203041084, 35.13402281469792], [129.02626801195456, 35.13512017602269]]]]}}, {"type": "Feature", "properties": {"code": "2623074000", "sgg_code": "26230", "sgg_nm": "부산진구", "dong_nm": "개금1동", "full_nm": "부산광역시 부산진구 개금1동", "label_lon": 129.020702, "label_lat": 35.150864}, "geometry": {"type": "MultiPolygon", "coordinates": [[[[129.0233937158775, 35.14744326780528], [129.02330642614763, 35.1489163670636], [129.02665285416907, 35.152916150908936], [129.0271085667296, 35.15298377372442], [129.0275900896281, 35.153495824819736], [129.0291861368509, 35.15541052313759], [129.02903177651496, 35.15558547839855], [129.01667393801887, 35.15281118273201], [129.01619424245249, 35.148249576671134], [129.02071669843167, 35.148434515110544], [129.0233937158775, 35.14744326780528]]]]}}, {"type": "Feature", "properties": {"code": "2623075000", "sgg_code": "26230", "sgg_nm": "부산진구", "dong_nm": "개금2동", "full_nm": "부산광역시 부산진구 개금2동", "label_lon": 129.018803, "label_lat": 35.141056}, "geometry": {"type": "MultiPolygon", "coordinates": [[[[129.0233937158775, 35.14744326780528], [129.02071669843167, 35.148434515110544], [129.01619424245249, 35.148249576671134], [129.01567789151815, 35.14692635804637], [129.01578027469205, 35.14382460006368], [129.01622865871443, 35.14336974045498], [129.01614903457846, 35.142240310374774], [129.01309770220325, 35.138716019297384], [129.01229207423216, 35.13830332870011], [129.01132236660203, 35.13818912292582], [129.0127985249422, 35.1373987642705], [129.01708845374898, 35.1360213201635], [129.01836954745463, 35.136048317566114], [129.0208129052661, 35.13684964740355], [129.02252345489103, 35.1398721796446], [129.02241528645573, 35.14294987472985], [129.0233937158775, 35.14744326780528]]]]}}, {"type": "Feature", "properties": {"code": "2623076000", "sgg_code": "26230", "sgg_nm": "부산진구", "dong_nm": "개금3동", "full_nm": "부산광역시 부산진구 개금3동", "label_lon": 129.021772, "label_lat": 35.159315}, "geometry": {"type": "MultiPolygon", "coordinates": [[[[129.03353862255187, 35.159536435695536], [129.03188038200088, 35.159093021535064], [129.03059567397082, 35.162714758427526], [129.02876981656746, 35.16592751993903], [129.02341097408677, 35.16556997219021], [129.01944308050582, 35.165991200861825], [129.01650332703386, 35.16534240688582], [129.01284353539765, 35.16567416154622], [129.01102514991956, 35.162724140046876], [129.0106414375882, 35.160154222405225], [129.01522085159675, 35.15666168272065], [129.01594406761035, 35.15571202634452], [129.01667393801887, 35.15281118273201], [129.02903177651496, 35.15558547839855], [129.02949434575814, 35.15567576301923], [129.030947124406, 35.15666560337695], [129.0335965827089, 35.15754050743451], [129.03394479172792, 35.15734585299633], [129.03353862255187, 35.159536435695536]]]]}}, {"type": "Feature", "properties": {"code": "2623067000", "sgg_code": "26230", "sgg_nm": "부산진구", "dong_nm": "당감1동", "full_nm": "부산광역시 부산진구 당감1동", "label_lon": 129.018965, "label_lat": 35.169583}, "geometry": {"type": "MultiPolygon", "coordinates": [[[[129.02149994647763, 35.17831970499822], [129.0199556130652, 35.17930594705569], [129.01952145131978, 35.179856428792796], [129.017860201483, 35.17932587505381], [129.01668311085024, 35.178586152091114], [129.01593643185618, 35.177702793388725], [129.01138299083289, 35.17411431954438], [129.01017323862936, 35.17360665196828], [129.01009003820303, 35.17035940934349], [129.01170244925513, 35.16880581176889], [129.01169902395307, 35.1673751990749], [129.01284353539765, 35.16567416154622], [129.01650332703386, 35.16534240688582], [129.01944308050582, 35.165991200861825], [129.02341097408677, 35.16556997219021], [129.02876981656746, 35.16592751993903], [129.03059567397082, 35.162714758427526], [129.03188038200088, 35.159093021535064], [129.03353862255187, 35.159536435695536], [129.04004688247554, 35.16159892632506], [129.04495994536362, 35.16280036761826], [129.04251410098448, 35.16613567278057], [129.0410634042753, 35.16604926844185], [129.0406182811219, 35.16692239971304], [129.03979871345797, 35.167515647236236], [129.03870775744605, 35.16747135857921], [129.03951873217332, 35.163988408361185], [129.03640124567863, 35.16456635043043], [129.03267412448724, 35.16585657490764], [129.02444337889835, 35.171292936125795], [129.0218547000437, 35.17394168746243], [129.02149994647763, 35.17831970499822]]]]}}, {"type": "Feature", "properties": {"code": "2623071000", "sgg_code": "26230", "sgg_nm": "부산진구", "dong_nm": "가야제1동", "full_nm": "부산광역시 부산진구 가야제1동", "label_lon": 129.034365, "label_lat": 35.146672}, "geometry": {"type": "MultiPolygon", "coordinates": [[[[129.04593987093224, 35.15665577868322], [129.04406108880457, 35.15742972191347], [129.04230157092374, 35.15626399315964], [129.04066638811037, 35.15585459347083], [129.0386855721772, 35.155986877139355], [129.03770643397237, 35.15692001384941], [129.03166370412623, 35.156016960329765], [129.03244372611795, 35.15267626387308], [129.03252259642787, 35.15015500369005], [129.03373494958953, 35.147143752764414], [129.03036817999515, 35.14743844849194], [129.02743131512784, 35.1437644431368], [129.02591033432842, 35.14014230821154], [129.025621497209, 35.13891074629382], [129.02626801195456, 35.13512017602269], [129.0270226263044, 35.135353856036325], [129.02801814657647, 35.136510464332936], [129.0286297054509, 35.13672547957636], [129.03178216556879, 35.13750723588042], [129.03312659718404, 35.137060487724916], [129.0346921078769, 35.137276788004414], [129.03739092998867, 35.139408562001435], [129.03844684899755, 35.142055777583664], [129.03828540104763, 35.14451976375617], [129.03872475285303, 35.14619972521129], [129.03927531516754, 35.14724256312965], [129.04066774699146, 35.14839029267534], [129.041001349266, 35.14958034160083], [129.04574365066742, 35.15301098169255], [129.04612707354207, 35.15414931602217], [129.04593987093224, 35.15665577868322]]]]}}, {"type": "Feature", "properties": {"code": "2623051000", "sgg_code": "26230", "sgg_nm": "부산진구", "dong_nm": "부전1동", "full_nm": "부산광역시 부산진구 부전1동", "label_lon": 129.058817, "label_lat": 35.164406}, "geometry": {"type": "MultiPolygon", "coordinates": [[[[129.06264388925382, 35.17152128682669], [129.0616477106441, 35.171565442855254], [129.0616370859346, 35.169812127438476], [129.05619222556024, 35.16681853464443], [129.05314945518037, 35.166591772988276], [129.05362978383218, 35.161036934980814], [129.05267490556565, 35.159583669880384], [129.05265293405955, 35.157782491731844], [129.05669395979095, 35.15782367117933], [129.05989614511245, 35.15843697633378], [129.062296290871, 35.157826179074895], [129.06223222925945, 35.16097116079277], [129.0625815011696, 35.162220826624335], [129.06701015742772, 35.16786555782873], [129.06566956336798, 35.169854062447754], [129.06264388925382, 35.17152128682669]]]]}}, {"type": "Feature", "properties": {"code": "2623060000", "sgg_code": "26230", "sgg_nm": "부산진구", "dong_nm": "전포1동", "full_nm": "부산광역시 부산진구 전포1동", "label_lon": 129.071728, "label_lat": 35.155416}, "geometry": {"type": "MultiPolygon", "coordinates": [[[[129.0820334198332, 35.15947867215036], [129.08088515843897, 35.15971082201667], [129.07851942589934, 35.162416696134976], [129.07589599690328, 35.16013431921083], [129.07306663390716, 35.15835147337797], [129.06974803371304, 35.15769229294606], [129.062296290871, 35.157826179074895], [129.06238441539764, 35.15060948487617], [129.0633341325516, 35.14869346032267], [129.06677015286203, 35.147784945504625], [129.07134350926506, 35.14877766571594], [129.0778064393931, 35.15194249665902], [129.0798726982041, 35.15269661804671], [129.0799987844171, 35.15333526263646], [129.0822616499946, 35.15749710978895], [129.08293072250794, 35.15823841213367], [129.0820334198332, 35.15947867215036]]]]}}, {"type": "Feature", "properties": {"code": "2626051000", "sgg_code": "26260", "sgg_nm": "동래구", "dong_nm": "수민동", "full_nm": "부산광역시 동래구 수민동", "label_lon": 129.088875, "label_lat": 35.197654}, "geometry": {"type": "MultiPolygon", "coordinates": [[[[129.09240634634455, 35.19966502356049], [129.08899128479177, 35.20077956525444], [129.0889838208394, 35.2013913597543], [129.08840231693728, 35.20258164070542], [129.08716861942037, 35.203958663918], [129.08639342291215, 35.20395333188587], [129.0855632276887, 35.20358397506779], [129.08552269820834, 35.20329034632302], [129.08408683135744, 35.20438059722099], [129.08378811317596, 35.20263249022101], [129.08319806347845, 35.20204139686808], [129.07844582738272, 35.20195416810131], [129.08032678260702, 35.19926690530353], [129.08310276803488, 35.19642191780893], [129.0847181341108, 35.19520939987612], [129.08710687173746, 35.194159686120315], [129.09073262297096, 35.19346109780124], [129.09542694518834, 35.192384307384685], [129.09941441250413, 35.19174614609152], [129.0975035088147, 35.196115500247274], [129.0945247062018, 35.19888677691076], [129.09240634634455, 35.19966502356049]]]]}}, {"type": "Feature", "properties": {"code": "2626052000", "sgg_code": "26260", "sgg_nm": "동래구", "dong_nm": "복산동", "full_nm": "부산광역시 동래구 복산동", "label_lon": 129.089508, "label_lat": 35.205049}, "geometry": {"type": "MultiPolygon", "coordinates": [[[[129.0923933356336, 35.210041146863915], [129.09059839787906, 35.21047148543956], [129.08813258439332, 35.209706887132924], [129.08599670243404, 35.208567675032064], [129.08326077897556, 35.205401174528276], [129.08359342281986, 35.20461167842682], [129.08408683135744, 35.20438059722099], [129.08552269820834, 35.20329034632302], [129.0855632276887, 35.20358397506779], [129.08639342291215, 35.20395333188587], [129.08716861942037, 35.203958663918], [129.08840231693728, 35.20258164070542], [129.0889838208394, 35.2013913597543], [129.08899128479177, 35.20077956525444], [129.09240634634455, 35.19966502356049], [129.0954487412008, 35.204696685321764], [129.09590203048887, 35.20570921466206], [129.09580998254597, 35.20650505356349], [129.0937835390964, 35.20941922204413], [129.0923933356336, 35.210041146863915]]]]}}, {"type": "Feature", "properties": {"code": "2626055000", "sgg_code": "26260", "sgg_nm": "동래구", "dong_nm": "온천1동", "full_nm": "부산광역시 동래구 온천1동", "label_lon": 129.076107, "label_lat": 35.21979}, "geometry": {"type": "MultiPolygon", "coordinates": [[[[129.08726030886325, 35.221656807349376], [129.08508609182022, 35.22193056951878], [129.08191635633665, 35.22450954152047], [129.0806954070333, 35.223831458925645], [129.07749712487663, 35.22635084303024], [129.0715536002567, 35.22627084401822], [129.0688204752838, 35.22508350726712], [129.06653147811932, 35.225297039415], [129.06648893588255, 35.22648170128206], [129.06611254399343, 35.22687280304722], [129.0622247605961, 35.22682713936157], [129.06019953793606, 35.226222523215064], [129.05925702388717, 35.224037427131506], [129.0615071408405, 35.22263406736397], [129.06189102143034, 35.221687116370354], [129.06312752270946, 35.22178676969815], [129.07078980004158, 35.21665989385376], [129.07259797748097, 35.21479946701078], [129.07309124295358, 35.21485751802066], [129.07702757461985, 35.21379708859845], [129.07875659540034, 35.21183117203053], [129.0800260919749, 35.213789075551624], [129.08081947172667, 35.21361779972368], [129.0849441794833, 35.21792228895111], [129.08726030886325, 35.221656807349376]]]]}}, {"type": "Feature", "properties": {"code": "2626056000", "sgg_code": "26260", "sgg_nm": "동래구", "dong_nm": "온천2동", "full_nm": "부산광역시 동래구 온천2동", "label_lon": 129.063646, "label_lat": 35.214298}, "geometry": {"type": "MultiPolygon", "coordinates": [[[[129.07875659540034, 35.21183117203053], [129.07702757461985, 35.21379708859845], [129.07309124295358, 35.21485751802066], [129.07259797748097, 35.21479946701078], [129.07078980004158, 35.21665989385376], [129.06312752270946, 35.22178676969815], [129.06189102143034, 35.221687116370354], [129.0615071408405, 35.22263406736397], [129.05925702388717, 35.224037427131506], [129.05807469526874, 35.22322303271359], [129.05627482274767, 35.21908209225564], [129.05164335197517, 35.21374374269486], [129.05134029464645, 35.213239095513515], [129.05145087877557, 35.211363915459664], [129.05401194569535, 35.2108714483368], [129.05967457214618, 35.21114320554329], [129.06082793341787, 35.21183505087645], [129.06166512404315, 35.21171781007321], [129.06296137247062, 35.2110917627993], [129.06528257532284, 35.20935451027198], [129.06849793865757, 35.208285357860255], [129.078849478003, 35.20407181641922], [129.07875659540034, 35.21183117203053]]]]}}, {"type": "Feature", "properties": {"code": "2626057000", "sgg_code": "26260", "sgg_nm": "동래구", "dong_nm": "온천3동", "full_nm": "부산광역시 동래구 온천3동", "label_lon": 129.062616, "label_lat": 35.206893}, "geometry": {"type": "MultiPolygon", "coordinates": [[[[129.078849478003, 35.20407181641922], [129.06849793865757, 35.208285357860255], [129.06528257532284, 35.20935451027198], [129.06296137247062, 35.2110917627993], [129.06166512404315, 35.21171781007321], [129.06082793341787, 35.21183505087645], [129.05967457214618, 35.21114320554329], [129.05401194569535, 35.2108714483368], [129.05145087877557, 35.211363915459664], [129.05097667319382, 35.208442265063105], [129.05541109892494, 35.205500298869914], [129.05714564002926, 35.20407958066989], [129.05884020774891, 35.203182528455045], [129.05965270463125, 35.20195139315934], [129.06247968406475, 35.203065203634665], [129.06540015057814, 35.20174543731833], [129.06864460337627, 35.200447040045304], [129.07640724967044, 35.2026232541436], [129.07830038463197, 35.20252854953778], [129.078849478003, 35.20407181641922]]]]}}, {"type": "Feature", "properties": {"code": "2626058000", "sgg_code": "26260", "sgg_nm": "동래구", "dong_nm": "사직1동", "full_nm": "부산광역시 동래구 사직1동", "label_lon": 129.062626, "label_lat": 35.197926}, "geometry": {"type": "MultiPolygon", "coordinates": [[[[129.06540015057814, 35.20174543731833], [129.06247968406475, 35.203065203634665], [129.05965270463125, 35.20195139315934], [129.0586954680001, 35.20082867588231], [129.05904622770728, 35.199657785553235], [129.06101572748796, 35.195720651966205], [129.06345010245582, 35.19619420628595], [129.06420308058964, 35.19370123928072], [129.06647526159497, 35.194156644633665], [129.06454170620938, 35.20057268797297], [129.06540015057814, 35.20174543731833]]]]}}, {"type": "Feature", "properties": {"code": "2626059000", "sgg_code": "26260", "sgg_nm": "동래구", "dong_nm": "사직2동", "full_nm": "부산광역시 동래구 사직2동", "label_lon": 129.051209, "label_lat": 35.200243}, "geometry": {"type": "MultiPolygon", "coordinates": [[[[129.05965270463125, 35.20195139315934], [129.05884020774891, 35.203182528455045], [129.05714564002926, 35.20407958066989], [129.05541109892494, 35.205500298869914], [129.05097667319382, 35.208442265063105], [129.04999989406124, 35.20665660361398], [129.04510416107487, 35.20197244674127], [129.04358028545965, 35.202162259502074], [129.0435319231323, 35.19929056913392], [129.0438683820718, 35.19838776771251], [129.04768709934498, 35.194205354841635], [129.0530596726225, 35.19207988548005], [129.05576764418285, 35.19237489372974], [129.05988447404104, 35.19130314259164], [129.06461965061138, 35.19224559539907], [129.06420308058964, 35.19370123928072], [129.06345010245582, 35.19619420628595], [129.06101572748796, 35.195720651966205], [129.05904622770728, 35.199657785553235], [129.0586954680001, 35.20082867588231], [129.05965270463125, 35.20195139315934]]]]}}, {"type": "Feature", "properties": {"code": "2626060000", "sgg_code": "26260", "sgg_nm": "동래구", "dong_nm": "사직3동", "full_nm": "부산광역시 동래구 사직3동", "label_lon": 129.070644, "label_lat": 35.198775}, "geometry": {"type": "MultiPolygon", "coordinates": [[[[129.07830038463197, 35.20252854953778], [129.07640724967044, 35.2026232541436], [129.06864460337627, 35.200447040045304], [129.06540015057814, 35.20174543731833], [129.06454170620938, 35.20057268797297], [129.06647526159497, 35.194156644633665], [129.0712285541053, 35.19512139594784], [129.0742621369585, 35.19805739598705], [129.0748658514744, 35.19828286012153], [129.07791497787318, 35.199403849158415], [129.08032678260702, 35.19926690530353], [129.07844582738272, 35.20195416810131], [129.07830038463197, 35.20252854953778]]]]}}, {"type": "Feature", "properties": {"code": "2626074000", "sgg_code": "26260", "sgg_nm": "동래구", "dong_nm": "안락1동", "full_nm": "부산광역시 동래구 안락1동", "label_lon": 129.100002, "label_lat": 35.197814}, "geometry": {"type": "MultiPolygon", "coordinates": [[[[129.09953478867806, 35.20265785819913], [129.09779297876483, 35.20402595355419], [129.0954487412008, 35.204696685321764], [129.09240634634455, 35.19966502356049], [129.0945247062018, 35.19888677691076], [129.0975035088147, 35.196115500247274], [129.09941441250413, 35.19174614609152], [129.10062010109428, 35.19143783502169], [129.10325512593533, 35.19674114666743], [129.10422070570615, 35.19658581468925], [129.1045785822858, 35.20072378355402], [129.1000612900341, 35.201501873381545], [129.09953478867806, 35.20265785819913]]]]}}, {"type": "Feature", "properties": {"code": "2626075000", "sgg_code": "26260", "sgg_nm": "동래구", "dong_nm": "안락2동", "full_nm": "부산광역시 동래구 안락2동", "label_lon": 129.107746, "label_lat": 35.192263}, "geometry": {"type": "MultiPolygon", "coordinates": [[[[129.1163781122603, 35.2010936506585], [129.11505869894745, 35.201767396100635], [129.1137764384947, 35.20176638745593], [129.11348334205044, 35.20084317055267], [129.11303127058088, 35.200305893760245], [129.1045785822858, 35.20072378355402], [129.10422070570615, 35.19658581468925], [129.10325512593533, 35.19674114666743], [129.10062010109428, 35.19143783502169], [129.1023705514548, 35.190985270951636], [129.10838087354938, 35.19041339155272], [129.11051622168225, 35.18964437792335], [129.11216186385352, 35.18715153029446], [129.11240573054803, 35.1862657275411], [129.11416468109334, 35.18404103216912], [129.11515612736235, 35.18318347003634], [129.11551643510097, 35.18783048750806], [129.11529122402897, 35.18966379790281], [129.11419861514014, 35.19308778771091], [129.1143357774258, 35.19532238737012], [129.11520816891635, 35.198913409596756], [129.1163781122603, 35.2010936506585]]]]}}, {"type": "Feature", "properties": {"code": "2626076100", "sgg_code": "26260", "sgg_nm": "동래구", "dong_nm": "명장1동", "full_nm": "부산광역시 동래구 명장1동", "label_lon": 129.106455, "label_lat": 35.205463}, "geometry": {"type": "MultiPolygon", "coordinates": [[[[129.11004041344015, 35.210114243992706], [129.10863660538115, 35.21018527587185], [129.1063593105263, 35.20959120275214], [129.1050714291278, 35.210355267445735], [129.10380093204262, 35.209736293764294], [129.10356788992436, 35.20939484710987], [129.10337497136967, 35.2071189822505], [129.10086963831588, 35.20376737853435], [129.09953478867806, 35.20265785819913], [129.1000612900341, 35.201501873381545], [129.1045785822858, 35.20072378355402], [129.11303127058088, 35.200305893760245], [129.11348334205044, 35.20084317055267], [129.1137764384947, 35.20176638745593], [129.11138457166993, 35.20386730951491], [129.11016251502542, 35.20705855475539], [129.10987451868468, 35.209673543069364], [129.11004041344015, 35.210114243992706]]]]}}, {"type": "Feature", "properties": {"code": "2626076200", "sgg_code": "26260", "sgg_nm": "동래구", "dong_nm": "명장2동", "full_nm": "부산광역시 동래구 명장2동", "label_lon": 129.099032, "label_lat": 35.208257}, "geometry": {"type": "MultiPolygon", "coordinates": [[[[129.0975418855919, 35.21407628441511], [129.09563465939607, 35.21453932852696], [129.0943588901752, 35.21543237203513], [129.09399480101146, 35.214961450148934], [129.0925205450623, 35.21313005603775], [129.09301155247547, 35.212136241559925], [129.0928841949667, 35.210746117416654], [129.0923933356336, 35.210041146863915], [129.0937835390964, 35.20941922204413], [129.09580998254597, 35.20650505356349], [129.09590203048887, 35.20570921466206], [129.0954487412008, 35.204696685321764], [129.09779297876483, 35.20402595355419], [129.09953478867806, 35.20265785819913], [129.10086963831588, 35.20376737853435], [129.10337497136967, 35.2071189822505], [129.10356788992436, 35.20939484710987], [129.10380093204262, 35.209736293764294], [129.1050714291278, 35.210355267445735], [129.10232916060872, 35.211345122957006], [129.1025243550962, 35.21220212261949], [129.1018710391907, 35.21254637842011], [129.0975418855919, 35.21407628441511]]]]}}, {"type": "Feature", "properties": {"code": "2626054500", "sgg_code": "26260", "sgg_nm": "동래구", "dong_nm": "명륜동", "full_nm": "부산광역시 동래구 명륜동", "label_lon": 129.083726, "label_lat": 35.209874}, "geometry": {"type": "MultiPolygon", "coordinates": [[[[129.09399480101146, 35.214961450148934], [129.09369106003967, 35.215526837331886], [129.09238784394745, 35.21650163124502], [129.0883288479166, 35.21768181986481], [129.08655780409111, 35.21705278068723], [129.0849441794833, 35.21792228895111], [129.08081947172667, 35.21361779972368], [129.0800260919749, 35.213789075551624], [129.07875659540034, 35.21183117203053], [129.078849478003, 35.20407181641922], [129.07830038463197, 35.20252854953778], [129.07844582738272, 35.20195416810131], [129.08319806347845, 35.20204139686808], [129.08378811317596, 35.20263249022101], [129.08408683135744, 35.20438059722099], [129.08359342281986, 35.20461167842682], [129.08326077897556, 35.205401174528276], [129.08599670243404, 35.208567675032064], [129.08813258439332, 35.209706887132924], [129.09059839787906, 35.21047148543956], [129.0923933356336, 35.210041146863915], [129.0928841949667, 35.210746117416654], [129.09301155247547, 35.212136241559925], [129.0925205450623, 35.21313005603775], [129.09399480101146, 35.214961450148934]]]]}}, {"type": "Feature", "properties": {"code": "2629053000", "sgg_code": "26290", "sgg_nm": "남구", "dong_nm": "대연3동", "full_nm": "부산광역시 남구 대연3동", "label_lon": 129.098235, "label_lat": 35.143581}, "geometry": {"type": "MultiPolygon", "coordinates": [[[[129.09600445559306, 35.15986666530275], [129.09482351648995, 35.16174060161667], [129.09371244843786, 35.160647318247555], [129.09276629017978, 35.16031717781803], [129.09105355869255, 35.16035466650353], [129.0893935190093, 35.160809261946916], [129.08770331183007, 35.16037204398901], [129.08293072250794, 35.15823841213367], [129.0822616499946, 35.15749710978895], [129.0799987844171, 35.15333526263646], [129.0798726982041, 35.15269661804671], [129.08364496673332, 35.149054593896054], [129.08756394302665, 35.14837688157651], [129.09120426786953, 35.146269482301605], [129.09499383265606, 35.142027456622465], [129.09606332237593, 35.140162786773075], [129.09789404769523, 35.13637452948193], [129.09642001589378, 35.13577113399788], [129.09766623849887, 35.13491976167503], [129.09821451750287, 35.13417337707347], [129.0981484692624, 35.13010069127291], [129.09720319555353, 35.13009808138213], [129.10070353245575, 35.128182269698875], [129.09872259821472, 35.12490883302505], [129.0999432507914, 35.125026424986196], [129.10355947078753, 35.126579895480695], [129.10493477056625, 35.126491560609175], [129.10627256458943, 35.12713906141821], [129.10601393806394, 35.127832058286515], [129.10596310626102, 35.12917854961872], [129.11134071192728, 35.135676201146374], [129.1048844310384, 35.14020888216203], [129.10231680476866, 35.1428026922264], [129.10341169818932, 35.144359311918144], [129.10334244447125, 35.14576404338582], [129.1016414105136, 35.150693546686554], [129.0982340519225, 35.155340560923136], [129.09600445559306, 35.15986666530275]]]]}}, {"type": "Feature", "properties": {"code": "2629054000", "sgg_code": "26290", "sgg_nm": "남구", "dong_nm": "대연4동", "full_nm": "부산광역시 남구 대연4동", "label_lon": 129.093106, "label_lat": 35.127344}, "geometry": {"type": "MultiPolygon", "coordinates": [[[[129.09720319555353, 35.13009808138213], [129.08927695659537, 35.13018980478101], [129.08836868180822, 35.131553998357376], [129.08813518595758, 35.13308816358163], [129.08793029481032, 35.13316080012363], [129.08211507536714, 35.13087879444641], [129.08290855682452, 35.1289532308534], [129.0845833681813, 35.128887819737216], [129.08542661875117, 35.12860701396564], [129.08582186045194, 35.12813733284912], [129.08621081741998, 35.12655062031325], [129.08544902880158, 35.12524400105304], [129.08732998732867, 35.12488278531341], [129.09035007868886, 35.12084836742601], [129.09127994997144, 35.122065579045085], [129.09137443436236, 35.123087501243575], [129.09210365291034, 35.1241431371365], [129.09475295544897, 35.12518045703048], [129.09872259821472, 35.12490883302505], [129.10070353245575, 35.128182269698875], [129.09720319555353, 35.13009808138213]]]]}}, {"type": "Feature", "properties": {"code": "2629055000", "sgg_code": "26290", "sgg_nm": "남구", "dong_nm": "대연5동", "full_nm": "부산광역시 남구 대연5동", "label_lon": 129.088943, "label_lat": 35.141639}, "geometry": {"type": "MultiPolygon", "coordinates": [[[[129.09642001589378, 35.13577113399788], [129.09789404769523, 35.13637452948193], [129.09606332237593, 35.140162786773075], [129.09499383265606, 35.142027456622465], [129.09120426786953, 35.146269482301605], [129.08756394302665, 35.14837688157651], [129.08364496673332, 35.149054593896054], [129.0832638172688, 35.14473324955685], [129.0823140175576, 35.14357080971897], [129.08274081726307, 35.141250736446], [129.08621219623782, 35.1407178361858], [129.08651701173537, 35.14034459236321], [129.08726458699724, 35.13882381398553], [129.08728563232356, 35.13804200383625], [129.08683719404672, 35.138044250000064], [129.0870590126151, 35.13576959759447], [129.08797546500944, 35.13494908515039], [129.0938416705775, 35.13527996466771], [129.09642001589378, 35.13577113399788]]]]}}, {"type": "Feature", "properties": {"code": "2629056000", "sgg_code": "26290", "sgg_nm": "남구", "dong_nm": "대연6동", "full_nm": "부산광역시 남구 대연6동", "label_lon": 129.082189, "label_lat": 35.138434}, "geometry": {"type": "MultiPolygon", "coordinates": [[[[129.08797546500944, 35.13494908515039], [129.0870590126151, 35.13576959759447], [129.08683719404672, 35.138044250000064], [129.08728563232356, 35.13804200383625], [129.08726458699724, 35.13882381398553], [129.08651701173537, 35.14034459236321], [129.08621219623782, 35.1407178361858], [129.08274081726307, 35.141250736446], [129.0823140175576, 35.14357080971897], [129.0775453065933, 35.14092447243514], [129.07604643288644, 35.140790007406], [129.07766219311827, 35.13718421737418], [129.07813085196096, 35.13713867660302], [129.07868298750788, 35.13657115717903], [129.0792625831786, 35.13530201978814], [129.07895385855042, 35.13369408905657], [129.081612576923, 35.13453284801476], [129.08797546500944, 35.13494908515039]]]]}}, {"type": "Feature", "properties": {"code": "2629057000", "sgg_code": "26290", "sgg_nm": "남구", "dong_nm": "용호1동", "full_nm": "부산광역시 남구 용호1동", "label_lon": 129.108687, "label_lat": 35.12556}, "geometry": {"type": "MultiPolygon", "coordinates": [[[[129.11181015089383, 35.135477062726224], [129.11134071192728, 35.135676201146374], [129.10596310626102, 35.12917854961872], [129.10601393806394, 35.127832058286515], [129.10627256458943, 35.12713906141821], [129.10493477056625, 35.126491560609175], [129.10432608650854, 35.12492142648426], [129.10422309098195, 35.12377580581677], [129.10432162727426, 35.1223610347427], [129.10535719732752, 35.1201894095592], [129.10360031889638, 35.11782180206173], [129.10276553080755, 35.117244413986406], [129.11106014474737, 35.1163777154416], [129.11182616992733, 35.11878944428058], [129.11251174112178, 35.12480692280014], [129.11304630667476, 35.12619899417129], [129.1158339029617, 35.12914853993945], [129.1165321999177, 35.13020734903069], [129.11521098936876, 35.13096598140479], [129.11689253565845, 35.132863081136016], [129.11475780905067, 35.134156717882504], [129.11181015089383, 35.135477062726224]]]]}}, {"type": "Feature", "properties": {"code": "2629058000", "sgg_code": "26290", "sgg_nm": "남구", "dong_nm": "용호2동", "full_nm": "부산광역시 남구 용호2동", "label_lon": 129.119037, "label_lat": 35.105394}, "geometry": {"type": "MultiPolygon", "coordinates": [[[[129.1272397714773, 35.114300039313726], [129.11106014474737, 35.1163777154416], [129.11106008386918, 35.11131158715317], [129.11204882997785, 35.10780310145704], [129.11294935435782, 35.10298579875151], [129.11389460850393, 35.10160903658405], [129.11571785986513, 35.10013642359432], [129.1195733321955, 35.09938001500252], [129.12349589161863, 35.09886033409166], [129.12388197527582, 35.09904151709143], [129.12521065050242, 35.10086001206567], [129.12466330397407, 35.10093222834676], [129.1239135028708, 35.10143399453813], [129.1237438247094, 35.10195065607857], [129.12782689334054, 35.10963088520554], [129.12792576147265, 35.11024179746965], [129.1274417514635, 35.11215353921315], [129.1272397714773, 35.114300039313726]]]]}}, {"type": "Feature", "properties": {"code": "2629059000", "sgg_code": "26290", "sgg_nm": "남구", "dong_nm": "용호3동", "full_nm": "부산광역시 남구 용호3동", "label_lon": 129.118321, "label_lat": 35.12349}, "geometry": {"type": "MultiPolygon", "coordinates": [[[[129.1272397714773, 35.114300039313726], [129.12702722519055, 35.11981432205294], [129.1249448234254, 35.12217264776362], [129.12286900855557, 35.1262912195908], [129.12253736909028, 35.12707418520193], [129.1223402105885, 35.128766329790366], [129.12107194428737, 35.13253531449459], [129.12107501989738, 35.133274051002275], [129.12061039938683, 35.133949727165444], [129.11717242911845, 35.13027227377718], [129.1165321999177, 35.13020734903069], [129.1158339029617, 35.12914853993945], [129.11304630667476, 35.12619899417129], [129.11251174112178, 35.12480692280014], [129.11182616992733, 35.11878944428058], [129.11106014474737, 35.1163777154416], [129.1272397714773, 35.114300039313726]]]]}}, {"type": "Feature", "properties": {"code": "2629060000", "sgg_code": "26290", "sgg_nm": "남구", "dong_nm": "용호4동", "full_nm": "부산광역시 남구 용호4동", "label_lon": 129.108527, "label_lat": 35.105394}, "geometry": {"type": "MultiPolygon", "coordinates": [[[[129.11106014474737, 35.1163777154416], [129.10276553080755, 35.117244413986406], [129.1041243084286, 35.114714991424506], [129.10485282850365, 35.114041875714875], [129.10585608381263, 35.11404218420875], [129.10628493520963, 35.11358208412898], [129.1070201921184, 35.10941756617767], [129.10290124380538, 35.10269350001037], [129.09755709483372, 35.09931701992266], [129.09953292483613, 35.09822774743447], [129.10272660710447, 35.09835604574712], [129.10423329981722, 35.09863848720758], [129.10567525305746, 35.10001194534434], [129.10879098637042, 35.10233076859715], [129.1105288462438, 35.10110474001168], [129.11294935435782, 35.10298579875151], [129.11204882997785, 35.10780310145704], [129.11106008386918, 35.11131158715317], [129.11106014474737, 35.1163777154416]]]]}}, {"type": "Feature", "properties": {"code": "2629061000", "sgg_code": "26290", "sgg_nm": "남구", "dong_nm": "용당동", "full_nm": "부산광역시 남구 용당동", "label_lon": 129.097436, "label_lat": 35.1115}, "geometry": {"type": "MultiPolygon", "coordinates": [[[[129.10493477056625, 35.126491560609175], [129.10355947078753, 35.126579895480695], [129.0999432507914, 35.125026424986196], [129.09872259821472, 35.12490883302505], [129.09475295544897, 35.12518045703048], [129.09210365291034, 35.1241431371365], [129.09137443436236, 35.123087501243575], [129.09127994997144, 35.122065579045085], [129.09035007868886, 35.12084836742601], [129.08825121626597, 35.11856035131618], [129.0878535306419, 35.1172939223372], [129.08837063178902, 35.10909199532908], [129.08714632714526, 35.10901229489289], [129.08737886663224, 35.107138742462304], [129.09181331926223, 35.10779364320243], [129.093735124042, 35.10753427413525], [129.09459587195863, 35.09912553115897], [129.09755709483372, 35.09931701992266], [129.10290124380538, 35.10269350001037], [129.1070201921184, 35.10941756617767], [129.10628493520963, 35.11358208412898], [129.10585608381263, 35.11404218420875], [129.10485282850365, 35.114041875714875], [129.1041243084286, 35.114714991424506], [129.10276553080755, 35.117244413986406], [129.10360031889638, 35.11782180206173], [129.10535719732752, 35.1201894095592], [129.10432162727426, 35.1223610347427], [129.10422309098195, 35.12377580581677], [129.10432608650854, 35.12492142648426], [129.10493477056625, 35.126491560609175]]]]}}, {"type": "Feature", "properties": {"code": "2629062000", "sgg_code": "26290", "sgg_nm": "남구", "dong_nm": "감만1동", "full_nm": "부산광역시 남구 감만1동", "label_lon": 129.078536, "label_lat": 35.111467}, "geometry": {"type": "MultiPolygon", "coordinates": [[[[129.07760404182523, 35.120810490932826], [129.07619624473597, 35.12091068432275], [129.0749840890282, 35.12171274939301], [129.07299837711597, 35.12217114825167], [129.0694962264335, 35.118295271496386], [129.07101308202905, 35.11737589405409], [129.07226637656782, 35.118728318226005], [129.07324736862296, 35.11813584221814], [129.07377788419188, 35.11674639795172], [129.06989256467304, 35.11384117952146], [129.06719791808808, 35.107693980812414], [129.07491424348004, 35.1035778009261], [129.0875861941577, 35.10358801735162], [129.08737886663224, 35.107138742462304], [129.08714632714526, 35.10901229489289], [129.08837063178902, 35.10909199532908], [129.0878535306419, 35.1172939223372], [129.08825121626597, 35.11856035131618], [129.0833363161738, 35.11948557466023], [129.08079548852726, 35.119564806677545], [129.07989152218516, 35.118861315856115], [129.0790996432034, 35.11861186609345], [129.0770822909227, 35.11972845040831], [129.07760404182523, 35.120810490932826]]]]}}, {"type": "Feature", "properties": {"code": "2629063000", "sgg_code": "26290", "sgg_nm": "남구", "dong_nm": "감만2동", "full_nm": "부산광역시 남구 감만2동", "label_lon": 129.085319, "label_lat": 35.122287}, "geometry": {"type": "MultiPolygon", "coordinates": [[[[129.09035007868886, 35.12084836742601], [129.08732998732867, 35.12488278531341], [129.08544902880158, 35.12524400105304], [129.08174540559583, 35.1227138170493], [129.08098446844195, 35.121860110331184], [129.0790513280867, 35.12109106270001], [129.07760404182523, 35.120810490932826], [129.0770822909227, 35.11972845040831], [129.0790996432034, 35.11861186609345], [129.07989152218516, 35.118861315856115], [129.08079548852726, 35.119564806677545], [129.0833363161738, 35.11948557466023], [129.08825121626597, 35.11856035131618], [129.09035007868886, 35.12084836742601]]]]}}, {"type": "Feature", "properties": {"code": "2629068000", "sgg_code": "26290", "sgg_nm": "남구", "dong_nm": "문현1동", "full_nm": "부산광역시 남구 문현1동", "label_lon": 129.077177, "label_lat": 35.14674}, "geometry": {"type": "MultiPolygon", "coordinates": [[[[129.08364496673332, 35.149054593896054], [129.0798726982041, 35.15269661804671], [129.0778064393931, 35.15194249665902], [129.07134350926506, 35.14877766571594], [129.07099725253875, 35.14766915180997], [129.0708273109641, 35.14580992282711], [129.0680135040105, 35.14204636055704], [129.06704759358576, 35.139987745519505], [129.0720831262786, 35.14239337706548], [129.07560185798482, 35.14339639241541], [129.0762800822617, 35.14333837818973], [129.0775453065933, 35.14092447243514], [129.0823140175576, 35.14357080971897], [129.0832638172688, 35.14473324955685], [129.08364496673332, 35.149054593896054]]]]}}, {"type": "Feature", "properties": {"code": "2629069000", "sgg_code": "26290", "sgg_nm": "남구", "dong_nm": "문현2동", "full_nm": "부산광역시 남구 문현2동", "label_lon": 129.066112, "label_lat": 35.142802}, "geometry": {"type": "MultiPolygon", "coordinates": [[[[129.06704759358576, 35.139987745519505], [129.0680135040105, 35.14204636055704], [129.0708273109641, 35.14580992282711], [129.07099725253875, 35.14766915180997], [129.07134350926506, 35.14877766571594], [129.06677015286203, 35.147784945504625], [129.0633341325516, 35.14869346032267], [129.06312487819224, 35.14818479649963], [129.06319730675162, 35.143558435524035], [129.06448312933315, 35.141392386501934], [129.06609470918582, 35.136977523857595], [129.06789072299395, 35.136924743265965], [129.06704759358576, 35.139987745519505]]]]}}, {"type": "Feature", "properties": {"code": "2629070000", "sgg_code": "26290", "sgg_nm": "남구", "dong_nm": "문현3동", "full_nm": "부산광역시 남구 문현3동", "label_lon": 129.072234, "label_lat": 35.138586}, "geometry": {"type": "MultiPolygon", "coordinates": [[[[129.0775453065933, 35.14092447243514], [129.0762800822617, 35.14333837818973], [129.07560185798482, 35.14339639241541], [129.0720831262786, 35.14239337706548], [129.06704759358576, 35.139987745519505], [129.06789072299395, 35.136924743265965], [129.07184757689382, 35.136923099182056], [129.0775269358899, 35.13393301252699], [129.07895385855042, 35.13369408905657], [129.0792625831786, 35.13530201978814], [129.07868298750788, 35.13657115717903], [129.07813085196096, 35.13713867660302], [129.07766219311827, 35.13718421737418], [129.07604643288644, 35.140790007406], [129.0775453065933, 35.14092447243514]]]]}}, {"type": "Feature", "properties": {"code": "2629071000", "sgg_code": "26290", "sgg_nm": "남구", "dong_nm": "문현4동", "full_nm": "부산광역시 남구 문현4동", "label_lon": 129.068978, "label_lat": 35.131838}, "geometry": {"type": "MultiPolygon", "coordinates": [[[[129.07895385855042, 35.13369408905657], [129.0775269358899, 35.13393301252699], [129.07184757689382, 35.136923099182056], [129.06789072299395, 35.136924743265965], [129.06609470918582, 35.136977523857595], [129.0653328127233, 35.12991361048902], [129.06529893880335, 35.129623107486516], [129.06642302173697, 35.12759459036537], [129.06782319199115, 35.12710611829022], [129.06856419645786, 35.127878253176235], [129.0696762246036, 35.1304094648902], [129.07281369585627, 35.13204490330924], [129.07308324962705, 35.131630883507405], [129.07283207313785, 35.13133454320721], [129.07585370941027, 35.129899979293675], [129.07895385855042, 35.13369408905657]]]]}}, {"type": "Feature", "properties": {"code": "2629051000", "sgg_code": "26290", "sgg_nm": "남구", "dong_nm": "대연1동", "full_nm": "부산광역시 남구 대연1동", "label_lon": 129.093218, "label_lat": 35.132321}, "geometry": {"type": "MultiPolygon", "coordinates": [[[[129.09720319555353, 35.13009808138213], [129.0981484692624, 35.13010069127291], [129.09821451750287, 35.13417337707347], [129.09766623849887, 35.13491976167503], [129.09642001589378, 35.13577113399788], [129.0938416705775, 35.13527996466771], [129.08797546500944, 35.13494908515039], [129.081612576923, 35.13453284801476], [129.07895385855042, 35.13369408905657], [129.07585370941027, 35.129899979293675], [129.07870441930217, 35.129545486009185], [129.08119060874745, 35.131021205569695], [129.08211507536714, 35.13087879444641], [129.08793029481032, 35.13316080012363], [129.08813518595758, 35.13308816358163], [129.08836868180822, 35.131553998357376], [129.08927695659537, 35.13018980478101], [129.09720319555353, 35.13009808138213]]]]}}, {"type": "Feature", "properties": {"code": "2629064500", "sgg_code": "26290", "sgg_nm": "남구", "dong_nm": "우암동", "full_nm": "부산광역시 남구 우암동", "label_lon": 129.076276, "label_lat": 35.126026}, "geometry": {"type": "MultiPolygon", "coordinates": [[[[129.07585370941027, 35.129899979293675], [129.07283207313785, 35.13133454320721], [129.07308324962705, 35.131630883507405], [129.07281369585627, 35.13204490330924], [129.0696762246036, 35.1304094648902], [129.06856419645786, 35.127878253176235], [129.06782319199115, 35.12710611829022], [129.06642302173697, 35.12759459036537], [129.06672316142874, 35.12550168132346], [129.06533904852375, 35.12289313843005], [129.0686640114218, 35.1216831968647], [129.06997938936243, 35.123132632046946], [129.07299837711597, 35.12217114825167], [129.0749840890282, 35.12171274939301], [129.07619624473597, 35.12091068432275], [129.07760404182523, 35.120810490932826], [129.0790513280867, 35.12109106270001], [129.08098446844195, 35.121860110331184], [129.08174540559583, 35.1227138170493], [129.08544902880158, 35.12524400105304], [129.08621081741998, 35.12655062031325], [129.08582186045194, 35.12813733284912], [129.08542661875117, 35.12860701396564], [129.0845833681813, 35.128887819737216], [129.08290855682452, 35.1289532308534], [129.08211507536714, 35.13087879444641], [129.08119060874745, 35.131021205569695], [129.07870441930217, 35.129545486009185], [129.07585370941027, 35.129899979293675]]]]}}, {"type": "Feature", "properties": {"code": "2632051000", "sgg_code": "26320", "sgg_nm": "북구", "dong_nm": "구포1동", "full_nm": "부산광역시 북구 구포1동", "label_lon": 129.00246, "label_lat": 35.206539}, "geometry": {"type": "MultiPolygon", "coordinates": [[[[129.01390349163475, 35.20535104931454], [129.01228972088055, 35.20486539810273], [129.01138652355652, 35.205080451740855], [129.01040682571684, 35.20583221636435], [129.01055466874675, 35.20636722213579], [129.00733174570743, 35.209376237704255], [129.0048594323803, 35.20998023422092], [129.0040960991165, 35.20980627196785], [129.00245291347156, 35.21014826059458], [128.99616066322818, 35.213058897548734], [128.9958135167809, 35.207936038012726], [128.99434117148252, 35.20671174452524], [128.99569485418104, 35.20559269294854], [128.99633200758043, 35.20610995440913], [129.00092619917316, 35.20622480035457], [129.0014849778363, 35.20388399149516], [129.0031877531416, 35.2021576699998], [129.00359836776192, 35.202174013863505], [129.00537256587515, 35.202702457996395], [129.00636836289252, 35.203761126473296], [129.00864317267352, 35.204266893188205], [129.01106750963473, 35.201508938841535], [129.01306680899046, 35.200839725915685], [129.01383820983912, 35.200951561540755], [129.01832173116037, 35.20001156582492], [129.01824532577407, 35.20086014117786], [129.01756200790663, 35.201718125319076], [129.01390349163475, 35.20535104931454]]]]}}, {"type": "Feature", "properties": {"code": "2632052000", "sgg_code": "26320", "sgg_nm": "북구", "dong_nm": "구포2동", "full_nm": "부산광역시 북구 구포2동", "label_lon": 128.997899, "label_lat": 35.199901}, "geometry": {"type": "MultiPolygon", "coordinates": [[[[129.00359836776192, 35.202174013863505], [129.0031877531416, 35.2021576699998], [129.0014849778363, 35.20388399149516], [129.00092619917316, 35.20622480035457], [128.99633200758043, 35.20610995440913], [128.99569485418104, 35.20559269294854], [128.99434117148252, 35.20671174452524], [128.98928172982468, 35.20250427236374], [128.99178006158067, 35.20096171643757], [128.98818504717465, 35.19723851758359], [128.987946053341, 35.1959047485512], [128.99111562695626, 35.19382240168314], [128.99391935025963, 35.195261479659656], [128.9949559413762, 35.19479260661552], [128.99547822703062, 35.19385724280257], [128.9982073183999, 35.19230153181104], [129.00060713934948, 35.19166289835499], [129.00171348937323, 35.19280614737444], [129.00517877673263, 35.19917438773421], [129.00490532016204, 35.20062835728466], [129.0041312615987, 35.20179291541472], [129.00359836776192, 35.202174013863505]]]]}}, {"type": "Feature", "properties": {"code": "2632052100", "sgg_code": "26320", "sgg_nm": "북구", "dong_nm": "구포3동", "full_nm": "부산광역시 북구 구포3동", "label_lon": 129.014028, "label_lat": 35.195615}, "geometry": {"type": "MultiPolygon", "coordinates": [[[[129.01832173116037, 35.20001156582492], [129.01383820983912, 35.200951561540755], [129.01306680899046, 35.200839725915685], [129.01106750963473, 35.201508938841535], [129.00864317267352, 35.204266893188205], [129.00636836289252, 35.203761126473296], [129.00537256587515, 35.202702457996395], [129.00359836776192, 35.202174013863505], [129.0041312615987, 35.20179291541472], [129.00490532016204, 35.20062835728466], [129.00517877673263, 35.19917438773421], [129.00171348937323, 35.19280614737444], [129.00769630669944, 35.19249831429592], [129.00720712199106, 35.190451863483986], [129.0082600286448, 35.189007483327195], [129.00911453560806, 35.18881452704495], [129.01599056537117, 35.18930747563812], [129.01708405392418, 35.18859615901285], [129.01937893982827, 35.18777817432737], [129.02052441674155, 35.187588286399965], [129.02114382379534, 35.187751167562425], [129.02303102339076, 35.18934651555165], [129.02464219915262, 35.1913683133234], [129.02533579705582, 35.19260155061367], [129.02549974111307, 35.19340832866706], [129.02514105179557, 35.19491126255277], [129.02448762303962, 35.19631907266802], [129.0217846432469, 35.19939710211683], [129.01832173116037, 35.20001156582492]]]]}}, {"type": "Feature", "properties": {"code": "2632053000", "sgg_code": "26320", "sgg_nm": "북구", "dong_nm": "금곡동", "full_nm": "부산광역시 북구 금곡동", "label_lon": 129.023776, "label_lat": 35.26086}, "geometry": {"type": "MultiPolygon", "coordinates": [[[[129.0505678912383, 35.28005598956564], [129.0499086093173, 35.2799925641852], [129.0485884575432, 35.280388967165045], [129.04410578115133, 35.280313963455185], [129.04211375027165, 35.279093933210376], [129.03923404218543, 35.27588522443608], [129.03406497908645, 35.27690570156166], [129.03009425108138, 35.278520717067515], [129.02617760938926, 35.27807025839519], [129.02037523536993, 35.27584342604297], [129.0166697326737, 35.27527676291088], [129.01281372559808, 35.27345078877963], [129.01261090197096, 35.27327798527839], [129.01294960595132, 35.27152740717006], [129.01286854671827, 35.269627361509954], [129.01111715874862, 35.262001519825674], [129.00993501480536, 35.25899809054606], [129.00146276156926, 35.24212206595893], [129.00195443552934, 35.24305762145787], [129.00256037182936, 35.24324035327312], [129.01266700086492, 35.24029011859872], [129.01317856349976, 35.23992428349012], [129.01420290567083, 35.23986938126634], [129.01395631772658, 35.241543529557354], [129.01305246434748, 35.24451860349349], [129.01473541663194, 35.245289729478245], [129.0171064688858, 35.2452904530535], [129.01977294159866, 35.24763974819361], [129.0215636014756, 35.25000471428729], [129.02183735680399, 35.25121878616094], [129.0272349233988, 35.25557237300009], [129.0280792898196, 35.255735781821976], [129.02987432544944, 35.25555628492037], [129.03489081624016, 35.25834844503591], [129.0359834869456, 35.2592637850834], [129.03609692814624, 35.259718460588694], [129.0377532167463, 35.26211965556638], [129.03912203092867, 35.2628362515363], [129.04000578659264, 35.26280314423335], [129.0415999361129, 35.26332996291464], [129.04213125428126, 35.26400846802992], [129.0425811218151, 35.26863911046401], [129.04687966452582, 35.273768146964635], [129.0505678912383, 35.28005598956564]]]]}}, {"type": "Feature", "properties": {"code": "2632054100", "sgg_code": "26320", "sgg_nm": "북구", "dong_nm": "화명1동", "full_nm": "부산광역시 북구 화명1동", "label_lon": 129.028049, "label_lat": 35.228458}, "geometry": {"type": "MultiPolygon", "coordinates": [[[[129.04881477225084, 35.23847855902306], [129.0374092558163, 35.23945649563635], [129.02335752439149, 35.23881803284465], [129.02299266928685, 35.238720374818385], [129.02269692407964, 35.23832168405695], [129.02322655443749, 35.23866805926798], [129.02768843405724, 35.236723502948934], [129.02587937952381, 35.23381056682742], [129.0243232092873, 35.234346450045805], [129.0231915712541, 35.235186719527256], [129.01767622470965, 35.23733548426814], [129.0161995285396, 35.23594812859271], [129.0138732211779, 35.23445316721559], [129.01238933851766, 35.228428116389765], [129.0101067788131, 35.22701864820063], [129.00749860010114, 35.22440190681505], [129.00907001235694, 35.22357274902578], [129.00820749017285, 35.22110296333277], [129.00910778585052, 35.21744598815121], [129.01096548860195, 35.21788578883498], [129.01966411100386, 35.22383540978909], [129.0208541668452, 35.22404835628318], [129.0221572450785, 35.22391337078802], [129.0240176027675, 35.2238208704623], [129.02469128203091, 35.224357297332865], [129.0260100094092, 35.22625787128353], [129.03342232673822, 35.22771072901433], [129.03431616031003, 35.227547643908], [129.03886310765202, 35.227781405445945], [129.04093438831148, 35.2282362869432], [129.04406975555503, 35.22848720098358], [129.0447366859251, 35.22719317581823], [129.04538247018843, 35.224226214332205], [129.0474536104414, 35.225922579724404], [129.0488083519462, 35.22840582833478], [129.04912036421635, 35.230865738425344], [129.04653107718616, 35.23099970449402], [129.04609125202282, 35.23131448893426], [129.0457434506553, 35.233342951874825], [129.0469706260305, 35.23477115820089], [129.04915549963502, 35.23802971527923], [129.04881477225084, 35.23847855902306]]]]}}, {"type": "Feature", "properties": {"code": "2632055000", "sgg_code": "26320", "sgg_nm": "북구", "dong_nm": "덕천1동", "full_nm": "부산광역시 북구 덕천1동", "label_lon": 129.017236, "label_lat": 35.217163}, "geometry": {"type": "MultiPolygon", "coordinates": [[[[129.0221572450785, 35.22391337078802], [129.0208541668452, 35.22404835628318], [129.01966411100386, 35.22383540978909], [129.01096548860195, 35.21788578883498], [129.01193586904154, 35.21582184205545], [129.0094989718333, 35.21478827274311], [129.0109364789556, 35.210270810607206], [129.01764697085295, 35.21195707112594], [129.023510058676, 35.21213984680282], [129.02504423594232, 35.213360006926045], [129.02404808778996, 35.21348622388156], [129.0233574220948, 35.21399428600673], [129.02308192671092, 35.21644115501366], [129.0236493789319, 35.22128311221003], [129.0235126024381, 35.222309430590144], [129.0221572450785, 35.22391337078802]]]]}}, {"type": "Feature", "properties": {"code": "2632056000", "sgg_code": "26320", "sgg_nm": "북구", "dong_nm": "덕천2동", "full_nm": "부산광역시 북구 덕천2동", "label_lon": 129.003515, "label_lat": 35.215305}, "geometry": {"type": "MultiPolygon", "coordinates": [[[[129.00820749017285, 35.22110296333277], [129.00716042908815, 35.22031945261909], [129.00540566869336, 35.220501455351084], [129.0060619156047, 35.224970536934556], [129.00536390579947, 35.225730860486706], [129.00401126303734, 35.2262140399871], [129.00364051712606, 35.22620056497971], [129.00485122919545, 35.22409505154792], [129.00463029995822, 35.22246167383946], [128.9968774824069, 35.2236338757376], [128.99616066322818, 35.213058897548734], [129.00245291347156, 35.21014826059458], [129.0040960991165, 35.20980627196785], [129.0048594323803, 35.20998023422092], [129.00733174570743, 35.209376237704255], [129.01055466874675, 35.20636722213579], [129.01040682571684, 35.20583221636435], [129.01138652355652, 35.205080451740855], [129.01228972088055, 35.20486539810273], [129.01390349163475, 35.20535104931454], [129.01430253288962, 35.20562315472302], [129.0146595903921, 35.20781901599321], [129.0139681639899, 35.209265891123415], [129.01153121477012, 35.20865267767834], [129.0109364789556, 35.210270810607206], [129.0094989718333, 35.21478827274311], [129.01193586904154, 35.21582184205545], [129.01096548860195, 35.21788578883498], [129.00910778585052, 35.21744598815121], [129.00820749017285, 35.22110296333277]]]]}}, {"type": "Feature", "properties": {"code": "2632056100", "sgg_code": "26320", "sgg_nm": "북구", "dong_nm": "덕천3동", "full_nm": "부산광역시 북구 덕천3동", "label_lon": 129.019049, "label_lat": 35.206721}, "geometry": {"type": "MultiPolygon", "coordinates": [[[[129.0217846432469, 35.19939710211683], [129.02149702955677, 35.200518704948905], [129.02173392183587, 35.20226514003597], [129.0236950028111, 35.20447492214355], [129.02398577361762, 35.20514370668957], [129.0231709597093, 35.20863487324736], [129.02262082437557, 35.20916641311037], [129.0228564062485, 35.21101630969819], [129.023510058676, 35.21213984680282], [129.01764697085295, 35.21195707112594], [129.0109364789556, 35.210270810607206], [129.01153121477012, 35.20865267767834], [129.0139681639899, 35.209265891123415], [129.0146595903921, 35.20781901599321], [129.01430253288962, 35.20562315472302], [129.01390349163475, 35.20535104931454], [129.01756200790663, 35.201718125319076], [129.01824532577407, 35.20086014117786], [129.01832173116037, 35.20001156582492], [129.0217846432469, 35.19939710211683]]]]}}, {"type": "Feature", "properties": {"code": "2632057100", "sgg_code": "26320", "sgg_nm": "북구", "dong_nm": "만덕1동", "full_nm": "부산광역시 북구 만덕1동", "label_lon": 129.040137, "label_lat": 35.220183}, "geometry": {"type": "MultiPolygon", "coordinates": [[[[129.05971076477323, 35.23002343231531], [129.05811935674362, 35.23018567213448], [129.05624849071836, 35.22967720273008], [129.05270415319617, 35.229553996487226], [129.0515895500284, 35.22964869902793], [129.04912036421635, 35.230865738425344], [129.0488083519462, 35.22840582833478], [129.0474536104414, 35.225922579724404], [129.04538247018843, 35.224226214332205], [129.0447366859251, 35.22719317581823], [129.04406975555503, 35.22848720098358], [129.04093438831148, 35.2282362869432], [129.03886310765202, 35.227781405445945], [129.03431616031003, 35.227547643908], [129.03342232673822, 35.22771072901433], [129.0260100094092, 35.22625787128353], [129.02469128203091, 35.224357297332865], [129.0240176027675, 35.2238208704623], [129.0221572450785, 35.22391337078802], [129.0235126024381, 35.222309430590144], [129.0236493789319, 35.22128311221003], [129.02308192671092, 35.21644115501366], [129.0233574220948, 35.21399428600673], [129.02404808778996, 35.21348622388156], [129.02504423594232, 35.213360006926045], [129.02727201481176, 35.21303776782892], [129.03120009820893, 35.21293601355404], [129.03686023929612, 35.21316985423088], [129.03813559937754, 35.21273569713627], [129.04232672375204, 35.213079223447814], [129.04441019667567, 35.21257301362642], [129.04543574877567, 35.211870136024416], [129.04840327869178, 35.21135388243228], [129.05145087877557, 35.211363915459664], [129.05134029464645, 35.213239095513515], [129.05164335197517, 35.21374374269486], [129.05627482274767, 35.21908209225564], [129.05807469526874, 35.22322303271359], [129.05925702388717, 35.224037427131506], [129.06019953793606, 35.226222523215064], [129.0599741280662, 35.22678923393857], [129.06057262199613, 35.228470491248515], [129.0603264187478, 35.22924371277671], [129.05971076477323, 35.23002343231531]]]]}}, {"type": "Feature", "properties": {"code": "2632057200", "sgg_code": "26320", "sgg_nm": "북구", "dong_nm": "만덕2동", "full_nm": "부산광역시 북구 만덕2동", "label_lon": 129.038636, "label_lat": 35.203123}, "geometry": {"type": "MultiPolygon", "coordinates": [[[[129.05145087877557, 35.211363915459664], [129.04840327869178, 35.21135388243228], [129.04543574877567, 35.211870136024416], [129.04441019667567, 35.21257301362642], [129.04232672375204, 35.213079223447814], [129.03813559937754, 35.21273569713627], [129.03686023929612, 35.21316985423088], [129.03120009820893, 35.21293601355404], [129.0325356806057, 35.212560349021565], [129.03289905478917, 35.21093234669461], [129.03259273779503, 35.20945082673464], [129.0318104253914, 35.2094815711834], [129.03115697647084, 35.207037370051914], [129.03077760204005, 35.20408386222801], [129.03129924228935, 35.20142606390534], [129.02968196741995, 35.20008579026631], [129.0273019543431, 35.1965051438364], [129.02702384215658, 35.1953528445367], [129.02549974111307, 35.19340832866706], [129.02752960105158, 35.1935051745276], [129.03194221826087, 35.195268256437295], [129.03310909152344, 35.19637447612167], [129.03380990869755, 35.197623863181526], [129.0355523703332, 35.19845029507213], [129.03955215930657, 35.199500133369256], [129.0438683820718, 35.19838776771251], [129.0435319231323, 35.19929056913392], [129.04358028545965, 35.202162259502074], [129.04510416107487, 35.20197244674127], [129.04999989406124, 35.20665660361398], [129.05097667319382, 35.208442265063105], [129.05145087877557, 35.211363915459664]]]]}}, {"type": "Feature", "properties": {"code": "2632057300", "sgg_code": "26320", "sgg_nm": "북구", "dong_nm": "만덕3동", "full_nm": "부산광역시 북구 만덕3동", "label_lon": 129.026749, "label_lat": 35.203175}, "geometry": {"type": "MultiPolygon", "coordinates": [[[[129.03120009820893, 35.21293601355404], [129.02727201481176, 35.21303776782892], [129.02504423594232, 35.213360006926045], [129.023510058676, 35.21213984680282], [129.0228564062485, 35.21101630969819], [129.02262082437557, 35.20916641311037], [129.0231709597093, 35.20863487324736], [129.02398577361762, 35.20514370668957], [129.0236950028111, 35.20447492214355], [129.02173392183587, 35.20226514003597], [129.02149702955677, 35.200518704948905], [129.0217846432469, 35.19939710211683], [129.02448762303962, 35.19631907266802], [129.02514105179557, 35.19491126255277], [129.02549974111307, 35.19340832866706], [129.02702384215658, 35.1953528445367], [129.0273019543431, 35.1965051438364], [129.02968196741995, 35.20008579026631], [129.03129924228935, 35.20142606390534], [129.03077760204005, 35.20408386222801], [129.03115697647084, 35.207037370051914], [129.0318104253914, 35.2094815711834], [129.03259273779503, 35.20945082673464], [129.03289905478917, 35.21093234669461], [129.0325356806057, 35.212560349021565], [129.03120009820893, 35.21293601355404]]]]}}, {"type": "Feature", "properties": {"code": "2632054200", "sgg_code": "26320", "sgg_nm": "북구", "dong_nm": "화명2동", "full_nm": "부산광역시 북구 화명2동", "label_lon": 129.032227, "label_lat": 35.246645}, "geometry": {"type": "MultiPolygon", "coordinates": [[[[129.04881477225084, 35.23847855902306], [129.04992167610965, 35.23897988548466], [129.05063820345893, 35.239883406956395], [129.051070947826, 35.24102008674407], [129.0496092363749, 35.24512957946922], [129.0482823840405, 35.246027215863954], [129.0460970367743, 35.24627191654039], [129.0455222494302, 35.247018017539546], [129.04543704113826, 35.24765920179981], [129.0454152960703, 35.252135943974984], [129.04700457565738, 35.254228686995944], [129.0485514320086, 35.25506816052614], [129.0477920449618, 35.256461275156155], [129.04673467740338, 35.25702662228451], [129.0406458518704, 35.258897156509995], [129.03765103622203, 35.2597186859331], [129.03609692814624, 35.259718460588694], [129.0359834869456, 35.2592637850834], [129.03489081624016, 35.25834844503591], [129.02987432544944, 35.25555628492037], [129.0280792898196, 35.255735781821976], [129.0272349233988, 35.25557237300009], [129.02183735680399, 35.25121878616094], [129.0215636014756, 35.25000471428729], [129.01977294159866, 35.24763974819361], [129.0171064688858, 35.2452904530535], [129.01473541663194, 35.245289729478245], [129.01305246434748, 35.24451860349349], [129.01395631772658, 35.241543529557354], [129.01420290567083, 35.23986938126634], [129.01397462824664, 35.23689527673601], [129.0137038909462, 35.236902957062476], [129.01365393885638, 35.23462847342311], [129.0138732211779, 35.23445316721559], [129.0161995285396, 35.23594812859271], [129.01767622470965, 35.23733548426814], [129.0231915712541, 35.235186719527256], [129.0243232092873, 35.234346450045805], [129.02587937952381, 35.23381056682742], [129.02768843405724, 35.236723502948934], [129.02322655443749, 35.23866805926798], [129.02269692407964, 35.23832168405695], [129.02299266928685, 35.238720374818385], [129.02335752439149, 35.23881803284465], [129.0374092558163, 35.23945649563635], [129.04881477225084, 35.23847855902306]]]]}}, {"type": "Feature", "properties": {"code": "2632054300", "sgg_code": "26320", "sgg_nm": "북구", "dong_nm": "화명3동", "full_nm": "부산광역시 북구 화명3동", "label_lon": 129.005264, "label_lat": 35.231408}, "geometry": {"type": "MultiPolygon", "coordinates": [[[[129.01420290567083, 35.23986938126634], [129.01317856349976, 35.23992428349012], [129.01266700086492, 35.24029011859872], [129.00256037182936, 35.24324035327312], [129.00195443552934, 35.24305762145787], [129.00146276156926, 35.24212206595893], [128.99860195522393, 35.23700314002444], [128.99774370553297, 35.235247397559704], [128.99760664208236, 35.23438729442228], [128.9968774824069, 35.2236338757376], [129.00463029995822, 35.22246167383946], [129.00485122919545, 35.22409505154792], [129.00364051712606, 35.22620056497971], [129.00401126303734, 35.2262140399871], [129.00536390579947, 35.225730860486706], [129.0060619156047, 35.224970536934556], [129.00540566869336, 35.220501455351084], [129.00716042908815, 35.22031945261909], [129.00820749017285, 35.22110296333277], [129.00907001235694, 35.22357274902578], [129.00749860010114, 35.22440190681505], [129.0101067788131, 35.22701864820063], [129.01238933851766, 35.228428116389765], [129.0138732211779, 35.23445316721559], [129.01365393885638, 35.23462847342311], [129.0137038909462, 35.236902957062476], [129.01397462824664, 35.23689527673601], [129.01420290567083, 35.23986938126634]]]]}}, {"type": "Feature", "properties": {"code": "2635051000", "sgg_code": "26350", "sgg_nm": "해운대구", "dong_nm": "우1동", "full_nm": "부산광역시 해운대구 우1동", "label_lon": 129.156671, "label_lat": 35.175577}, "geometry": {"type": "MultiPolygon", "coordinates": [[[[129.16630575936816, 35.17907288508097], [129.16605397951628, 35.179505528928146], [129.1622313632306, 35.181591800681005], [129.1618564760496, 35.183466242118364], [129.1611461543947, 35.18372574609837], [129.1610366480608, 35.18423506980199], [129.16266077579317, 35.18600324437731], [129.1632968919949, 35.18627839513884], [129.16300883356362, 35.18685763695995], [129.16327879485462, 35.18759670983592], [129.1619133125106, 35.18775465068428], [129.16175319984322, 35.189867829068405], [129.16061936392518, 35.19152094167209], [129.16030588380997, 35.192840017636996], [129.16125745501975, 35.19485293239076], [129.16098584653727, 35.19527674979862], [129.16024374565984, 35.19555071056926], [129.1598617100908, 35.19659614493879], [129.15829930499956, 35.197464885596986], [129.1571652243248, 35.19772465087883], [129.15626691085237, 35.19822719461605], [129.15562067076064, 35.19822225694348], [129.15453554590567, 35.199018750084335], [129.15302585184642, 35.199238763072074], [129.15178951851885, 35.198185174841925], [129.14963786952913, 35.19466445699902], [129.1472170347906, 35.19265489583301], [129.1457732814357, 35.192050301712136], [129.14524471583408, 35.18294040678239], [129.14562669596643, 35.17952206802129], [129.14616729918012, 35.17813839937741], [129.14722982283678, 35.17664355466568], [129.1510563806636, 35.17284714903112], [129.15125854637816, 35.172228086334904], [129.14976673901992, 35.1698979448371], [129.14960180946943, 35.16888769180525], [129.1497816930417, 35.16744508217948], [129.14908167003935, 35.16687063111468], [129.14543885616877, 35.16507430482122], [129.14447230071508, 35.16430300737153], [129.14464268412286, 35.162856874484824], [129.1513207681789, 35.15897238021228], [129.1527871550036, 35.15735199105733], [129.15112412731435, 35.15652301790449], [129.14990933958478, 35.15270646098666], [129.14993467460042, 35.15227148880482], [129.15029090596084, 35.151836690960884], [129.1530423180822, 35.151884406316036], [129.154021297688, 35.15443370365972], [129.15496754108474, 35.154863603732686], [129.15464827738987, 35.1560659889771], [129.15489354677047, 35.156558205182215], [129.15698342499238, 35.15755905623878], [129.16062853510778, 35.158571691998944], [129.16040437480848, 35.159314478868794], [129.1607361146857, 35.161475595305156], [129.1611937497012, 35.1629340194914], [129.16199042758413, 35.16384230518011], [129.16285711297994, 35.16606149072925], [129.16282785155548, 35.166680512492], [129.16431478709006, 35.17237021247624], [129.16424291650284, 35.172965643327174], [129.16361040330156, 35.173736679315034], [129.16457566520907, 35.17450991194761], [129.16636583476648, 35.17865830872348], [129.16630575936816, 35.17907288508097]]]]}}, {"type": "Feature", "properties": {"code": "2635052000", "sgg_code": "26350", "sgg_nm": "해운대구", "dong_nm": "우2동", "full_nm": "부산광역시 해운대구 우2동", "label_lon": 129.136991, "label_lat": 35.169393}, "geometry": {"type": "MultiPolygon", "coordinates": [[[[129.14464268412286, 35.162856874484824], [129.14447230071508, 35.16430300737153], [129.14543885616877, 35.16507430482122], [129.14908167003935, 35.16687063111468], [129.1497816930417, 35.16744508217948], [129.14960180946943, 35.16888769180525], [129.14976673901992, 35.1698979448371], [129.15125854637816, 35.172228086334904], [129.1510563806636, 35.17284714903112], [129.14722982283678, 35.17664355466568], [129.14616729918012, 35.17813839937741], [129.14562669596643, 35.17952206802129], [129.14524471583408, 35.18294040678239], [129.1457732814357, 35.192050301712136], [129.14371463872806, 35.18818291585921], [129.1377012194818, 35.18085968309634], [129.13578288925618, 35.180038056896045], [129.13541678792765, 35.17897649230816], [129.13421188060383, 35.17849271302329], [129.13405472824846, 35.17796483575145], [129.133156923329, 35.17746048223065], [129.13293883934386, 35.17676022619709], [129.13224288357628, 35.17618489646537], [129.13067826562352, 35.175805544191554], [129.1302525401866, 35.17579399621702], [129.13003527833777, 35.17603161935806], [129.12846689572086, 35.17515253061976], [129.12783947936592, 35.175351096198966], [129.12409486153973, 35.17341499671815], [129.1224241781581, 35.175338406803895], [129.1210579320327, 35.174647138562634], [129.12249905533562, 35.1730217184355], [129.12317120085623, 35.171051876632454], [129.1265833212837, 35.16602617330569], [129.13095017811176, 35.16328892553498], [129.13245262337935, 35.161707657975136], [129.1329182047037, 35.161915390998345], [129.135867789987, 35.1582673098636], [129.13666352339698, 35.15673118021629], [129.13672866488454, 35.15562412297434], [129.13594765342904, 35.15395827285188], [129.1303239315999, 35.147985067951566], [129.1307458582595, 35.14771373119066], [129.13650135985554, 35.15375586288658], [129.13735844840832, 35.155664343605295], [129.13733384104538, 35.156805018213156], [129.13691281682534, 35.15770738714258], [129.13498427101484, 35.16037473884704], [129.13408161895987, 35.162168352300576], [129.1369289547248, 35.163188184987945], [129.13788361768852, 35.16319936745333], [129.1391683704694, 35.162797939810424], [129.14048067058016, 35.16199466717087], [129.14278744973348, 35.16371058852333], [129.1431882870304, 35.16370762134615], [129.14464268412286, 35.162856874484824]]]]}}, {"type": "Feature", "properties": {"code": "2635053000", "sgg_code": "26350", "sgg_nm": "해운대구", "dong_nm": "중1동", "full_nm": "부산광역시 해운대구 중1동", "label_lon": 129.169447, "label_lat": 35.164339}, "geometry": {"type": "MultiPolygon", "coordinates": [[[[129.17462828278317, 35.16822236580994], [129.17392336607605, 35.1690895965382], [129.17436170252446, 35.16990514726182], [129.17327475002588, 35.17240695433668], [129.17288416306434, 35.172821673300234], [129.17213134182526, 35.172884218294], [129.17120622684376, 35.17346158566692], [129.17171315166055, 35.172590816926395], [129.17169007766077, 35.17195584115759], [129.17118905998618, 35.170787300222564], [129.1696405656595, 35.17067041387586], [129.166395845929, 35.16708429442334], [129.16282785155548, 35.166680512492], [129.16285711297994, 35.16606149072925], [129.16199042758413, 35.16384230518011], [129.1611937497012, 35.1629340194914], [129.1607361146857, 35.161475595305156], [129.16040437480848, 35.159314478868794], [129.16062853510778, 35.158571691998944], [129.16534463881158, 35.15923457896795], [129.168566698037, 35.15942452204614], [129.169807991037, 35.159164636215806], [129.17338519452414, 35.156853719675894], [129.1776816085682, 35.15492278321828], [129.1777288916129, 35.15632618377658], [129.17566632642922, 35.157664524278054], [129.17165432723135, 35.16126635148518], [129.17586819297412, 35.162042448598385], [129.17594029442395, 35.16236671539126], [129.17811559107875, 35.1637462866882], [129.175531409907, 35.16483610132595], [129.17558760393288, 35.165155866627316], [129.17698060371578, 35.16651034382927], [129.17462828278317, 35.16822236580994]]]]}}, {"type": "Feature", "properties": {"code": "2635054000", "sgg_code": "26350", "sgg_nm": "해운대구", "dong_nm": "중2동", "full_nm": "부산광역시 해운대구 중2동", "label_lon": 129.182903, "label_lat": 35.160597}, "geometry": {"type": "MultiPolygon", "coordinates": [[[[129.1896877250825, 35.165897714572964], [129.18820539801095, 35.16640677584273], [129.1878486204678, 35.16738190078488], [129.18668633070655, 35.16735000036359], [129.18710328237492, 35.16699275065606], [129.18748841323512, 35.164534631813936], [129.18612370823917, 35.164019856022385], [129.18433159545648, 35.164483798696075], [129.1808243843143, 35.164359536441836], [129.17897113317892, 35.16275788038244], [129.17796743700873, 35.162370148514064], [129.17586819297412, 35.162042448598385], [129.17165432723135, 35.16126635148518], [129.17566632642922, 35.157664524278054], [129.1777288916129, 35.15632618377658], [129.1776816085682, 35.15492278321828], [129.18064441528435, 35.15469135243845], [129.18222849558975, 35.155116811668904], [129.1846737503933, 35.156757798006716], [129.18600158988608, 35.158955659185445], [129.18778998694853, 35.159715611413986], [129.19112413788474, 35.160112035179175], [129.1922883719064, 35.15984173384553], [129.1941222642016, 35.16108144793323], [129.19619529205843, 35.164267341736476], [129.19606712547846, 35.16501973996869], [129.19138051442167, 35.16491399544829], [129.1896877250825, 35.165897714572964]]]]}}, {"type": "Feature", "properties": {"code": "2635056000", "sgg_code": "26350", "sgg_nm": "해운대구", "dong_nm": "송정동", "full_nm": "부산광역시 해운대구 송정동", "label_lon": 129.199011, "label_lat": 35.18303}, "geometry": {"type": "MultiPolygon", "coordinates": [[[[129.20792222656215, 35.181944959030275], [129.20689238417373, 35.185870877075324], [129.20631738263685, 35.19127882044517], [129.20744897908023, 35.19455919636432], [129.20666744753996, 35.19705395610579], [129.1994508641014, 35.20068735078913], [129.19838813643153, 35.200834159026975], [129.19687434366918, 35.20032305102213], [129.1946963944294, 35.19896085328916], [129.19385862770395, 35.19810861708671], [129.19351988964092, 35.195069859231694], [129.19081052450375, 35.19291493859557], [129.18904466404177, 35.18995761388205], [129.18858335995753, 35.18807961291379], [129.18865036040714, 35.187451628929274], [129.18940190146253, 35.186940933859056], [129.1895889646358, 35.18647460405955], [129.1879137822124, 35.184680021008404], [129.18783827999957, 35.18429340585382], [129.19016671170124, 35.183263444481234], [129.19060330978283, 35.18279698623859], [129.1895531792924, 35.18063096573263], [129.18946660291633, 35.17954176770289], [129.19011756033777, 35.17827313584119], [129.1909056447342, 35.17790676066071], [129.1918369569975, 35.176036893141706], [129.19200802945466, 35.17439213021667], [129.19163390482925, 35.173664979724485], [129.19188309650542, 35.173015390221416], [129.19098547726458, 35.17089018126405], [129.190612946531, 35.169124858425725], [129.19086791927833, 35.1674264706402], [129.1896877250825, 35.165897714572964], [129.19138051442167, 35.16491399544829], [129.19606712547846, 35.16501973996869], [129.19745447265225, 35.16874378615414], [129.1978129977675, 35.170449005062466], [129.19807285334952, 35.17333925053678], [129.19739014039888, 35.175884229128044], [129.19886966160328, 35.17841615809758], [129.20015452785918, 35.179346885999], [129.2022977257657, 35.18034722842513], [129.20391056111893, 35.18063020458147], [129.20452635768018, 35.18063314827473], [129.2049426284505, 35.17905451666944], [129.2056723429685, 35.179114296643114], [129.20733453321046, 35.180068993094125], [129.20792222656215, 35.181944959030275]]]]}}, {"type": "Feature", "properties": {"code": "2635058000", "sgg_code": "26350", "sgg_nm": "해운대구", "dong_nm": "반여2동", "full_nm": "부산광역시 해운대구 반여2동", "label_lon": 129.134662, "label_lat": 35.195221}, "geometry": {"type": "MultiPolygon", "coordinates": [[[[129.1457732814357, 35.192050301712136], [129.14521716695037, 35.19474780892806], [129.14369875543443, 35.19569421777928], [129.14133038747977, 35.196494180006695], [129.134004176889, 35.19830351254897], [129.12812980685771, 35.19896322268802], [129.12766189444724, 35.19672038257055], [129.12636655247516, 35.19588188324109], [129.1233005185707, 35.194531431900636], [129.122406764662, 35.1937390631225], [129.12647545658712, 35.194472186540224], [129.1305391758477, 35.1935280856663], [129.13253638964554, 35.193692409000874], [129.133338315508, 35.19426286428259], [129.13554718566544, 35.19410525943706], [129.1362539996975, 35.1937852570019], [129.1457732814357, 35.192050301712136]]]]}}, {"type": "Feature", "properties": {"code": "2635059000", "sgg_code": "26350", "sgg_nm": "해운대구", "dong_nm": "반여3동", "full_nm": "부산광역시 해운대구 반여3동", "label_lon": 129.140844, "label_lat": 35.199782}, "geometry": {"type": "MultiPolygon", "coordinates": [[[[129.15296218589202, 35.20093151524017], [129.1486363193479, 35.202298008254296], [129.147804791618, 35.20278221789503], [129.14557275713832, 35.20507516677411], [129.13663913733788, 35.20747765130021], [129.13616160832385, 35.20573260402189], [129.1343906788144, 35.204403900224996], [129.1338492469669, 35.20414908260468], [129.13152802113308, 35.20455973597817], [129.13067042413775, 35.202057425634024], [129.12905024432584, 35.200324925880935], [129.12812980685771, 35.19896322268802], [129.134004176889, 35.19830351254897], [129.14133038747977, 35.196494180006695], [129.14369875543443, 35.19569421777928], [129.14521716695037, 35.19474780892806], [129.1457732814357, 35.192050301712136], [129.1472170347906, 35.19265489583301], [129.14963786952913, 35.19466445699902], [129.15178951851885, 35.198185174841925], [129.15302585184642, 35.199238763072074], [129.15296218589202, 35.20093151524017]]]]}}, {"type": "Feature", "properties": {"code": "2635062000", "sgg_code": "26350", "sgg_nm": "해운대구", "dong_nm": "반송2동", "full_nm": "부산광역시 해운대구 반송2동", "label_lon": 129.146895, "label_lat": 35.236178}, "geometry": {"type": "MultiPolygon", "coordinates": [[[[129.16640185179898, 35.22083683167936], [129.16795838549018, 35.22375637542642], [129.1688695594756, 35.22466018364225], [129.16951380195485, 35.226088760509214], [129.16913404474604, 35.22786464839967], [129.16734760118234, 35.229677721426185], [129.16163548896114, 35.23393790292121], [129.15794728542687, 35.23534553754519], [129.15513091694905, 35.237010450810004], [129.15569070203927, 35.24327102192388], [129.15496231726954, 35.24505499361861], [129.1499596651317, 35.24761368700551], [129.14811870309077, 35.247270347106166], [129.1468404501671, 35.24939928671586], [129.14558001009738, 35.25023030815782], [129.14428701915543, 35.25072721185762], [129.14432028323984, 35.2499125574283], [129.14361404657424, 35.24868908515951], [129.14376194322003, 35.24685794126952], [129.14129401985372, 35.24415578503574], [129.14119981939828, 35.24380460780295], [129.14160130014352, 35.24259419452394], [129.14125331849, 35.24188826906887], [129.14053819320188, 35.241581818646104], [129.13992795377533, 35.24059664742165], [129.13728158091064, 35.23846698457584], [129.13694874643184, 35.23766655105079], [129.13608639483158, 35.237172484172646], [129.13867211508705, 35.23496404118129], [129.14156981183893, 35.23354930136641], [129.14157771160043, 35.23321208992179], [129.13980658778112, 35.230755922786244], [129.13993042175463, 35.23010264833433], [129.14173908876958, 35.22980211560289], [129.14252866240173, 35.22912612015626], [129.14483363676928, 35.22901407947752], [129.14935172464553, 35.230119854945954], [129.15127688015457, 35.22986640226105], [129.1524858864773, 35.22735911864243], [129.15880004475187, 35.22552902719307], [129.16286656790098, 35.22380237391516], [129.16452715879572, 35.22205500371746], [129.16640185179898, 35.22083683167936]]]]}}, {"type": "Feature", "properties": {"code": "2635065000", "sgg_code": "26350", "sgg_nm": "해운대구", "dong_nm": "재송1동", "full_nm": "부산광역시 해운대구 재송1동", "label_lon": 129.128738, "label_lat": 35.183473}, "geometry": {"type": "MultiPolygon", "coordinates": [[[[129.14371463872806, 35.18818291585921], [129.13833741103315, 35.18893885529958], [129.1352467694989, 35.187693756394935], [129.13286765205856, 35.18616781630201], [129.13057200399737, 35.185208285427315], [129.1295943735633, 35.18516388991715], [129.128827598113, 35.18725853586515], [129.12944721959636, 35.187778831544236], [129.12940643768331, 35.18799872163239], [129.12870922798476, 35.18863172755947], [129.1264909670473, 35.18835945693778], [129.1255696185783, 35.18731335606564], [129.12124242624506, 35.187788700483324], [129.12036268279843, 35.19165179431676], [129.11928642702367, 35.19194739400332], [129.11529122402897, 35.18966379790281], [129.11551643510097, 35.18783048750806], [129.1184497281304, 35.18178225401597], [129.119261930982, 35.178500453951436], [129.119258917037, 35.17675110664881], [129.1210579320327, 35.174647138562634], [129.1224241781581, 35.175338406803895], [129.12409486153973, 35.17341499671815], [129.12783947936592, 35.175351096198966], [129.12846689572086, 35.17515253061976], [129.13003527833777, 35.17603161935806], [129.1302525401866, 35.17579399621702], [129.13067826562352, 35.175805544191554], [129.13224288357628, 35.17618489646537], [129.13293883934386, 35.17676022619709], [129.133156923329, 35.17746048223065], [129.13405472824846, 35.17796483575145], [129.13421188060383, 35.17849271302329], [129.13541678792765, 35.17897649230816], [129.13578288925618, 35.180038056896045], [129.1377012194818, 35.18085968309634], [129.14371463872806, 35.18818291585921]]]]}}, {"type": "Feature", "properties": {"code": "2635066000", "sgg_code": "26350", "sgg_nm": "해운대구", "dong_nm": "재송2동", "full_nm": "부산광역시 해운대구 재송2동", "label_lon": 129.132755, "label_lat": 35.190295}, "geometry": {"type": "MultiPolygon", "coordinates": [[[[129.1457732814357, 35.192050301712136], [129.1362539996975, 35.1937852570019], [129.13554718566544, 35.19410525943706], [129.133338315508, 35.19426286428259], [129.13253638964554, 35.193692409000874], [129.1305391758477, 35.1935280856663], [129.12647545658712, 35.194472186540224], [129.122406764662, 35.1937390631225], [129.11928642702367, 35.19194739400332], [129.12036268279843, 35.19165179431676], [129.12124242624506, 35.187788700483324], [129.1255696185783, 35.18731335606564], [129.1264909670473, 35.18835945693778], [129.12870922798476, 35.18863172755947], [129.12940643768331, 35.18799872163239], [129.12944721959636, 35.187778831544236], [129.128827598113, 35.18725853586515], [129.1295943735633, 35.18516388991715], [129.13057200399737, 35.185208285427315], [129.13286765205856, 35.18616781630201], [129.1352467694989, 35.187693756394935], [129.13833741103315, 35.18893885529958], [129.14371463872806, 35.18818291585921], [129.1457732814357, 35.192050301712136]]]]}}, {"type": "Feature", "properties": {"code": "2635055100", "sgg_code": "26350", "sgg_nm": "해운대구", "dong_nm": "좌1동", "full_nm": "부산광역시 해운대구 좌1동", "label_lon": 129.176399, "label_lat": 35.173173}, "geometry": {"type": "MultiPolygon", "coordinates": [[[[129.181835014465, 35.17212767163553], [129.17886906946873, 35.17651523301426], [129.17808743533772, 35.17712208986791], [129.1738718974817, 35.17805093387284], [129.17303779684204, 35.17781609667282], [129.17092379429388, 35.17661167817451], [129.17269100299222, 35.174249034398706], [129.17120622684376, 35.17346158566692], [129.17213134182526, 35.172884218294], [129.17288416306434, 35.172821673300234], [129.17327475002588, 35.17240695433668], [129.17436170252446, 35.16990514726182], [129.17392336607605, 35.1690895965382], [129.17462828278317, 35.16822236580994], [129.17607432010524, 35.169320253626026], [129.181835014465, 35.17212767163553]]]]}}, {"type": "Feature", "properties": {"code": "2635055200", "sgg_code": "26350", "sgg_nm": "해운대구", "dong_nm": "좌2동", "full_nm": "부산광역시 해운대구 좌2동", "label_lon": 129.184252, "label_lat": 35.170105}, "geometry": {"type": "MultiPolygon", "coordinates": [[[[129.1896877250825, 35.165897714572964], [129.19086791927833, 35.1674264706402], [129.190612946531, 35.169124858425725], [129.19098547726458, 35.17089018126405], [129.19188309650542, 35.173015390221416], [129.19163390482925, 35.173664979724485], [129.19200802945466, 35.17439213021667], [129.1918369569975, 35.176036893141706], [129.1909056447342, 35.17790676066071], [129.1831028270455, 35.17605648670648], [129.18375335055595, 35.17493369793861], [129.18368167406015, 35.17369545081824], [129.18313387188155, 35.172929640896655], [129.181835014465, 35.17212767163553], [129.17607432010524, 35.169320253626026], [129.17462828278317, 35.16822236580994], [129.17698060371578, 35.16651034382927], [129.17558760393288, 35.165155866627316], [129.175531409907, 35.16483610132595], [129.17811559107875, 35.1637462866882], [129.17594029442395, 35.16236671539126], [129.17586819297412, 35.162042448598385], [129.17796743700873, 35.162370148514064], [129.17897113317892, 35.16275788038244], [129.1808243843143, 35.164359536441836], [129.18433159545648, 35.164483798696075], [129.18612370823917, 35.164019856022385], [129.18748841323512, 35.164534631813936], [129.18710328237492, 35.16699275065606], [129.18668633070655, 35.16735000036359], [129.1878486204678, 35.16738190078488], [129.18820539801095, 35.16640677584273], [129.1896877250825, 35.165897714572964]]]]}}, {"type": "Feature", "properties": {"code": "2635055300", "sgg_code": "26350", "sgg_nm": "해운대구", "dong_nm": "좌3동", "full_nm": "부산광역시 해운대구 좌3동", "label_lon": 129.167695, "label_lat": 35.173214}, "geometry": {"type": "MultiPolygon", "coordinates": [[[[129.17092379429388, 35.17661167817451], [129.16826400226944, 35.18006474734961], [129.16630575936816, 35.17907288508097], [129.16636583476648, 35.17865830872348], [129.16457566520907, 35.17450991194761], [129.16361040330156, 35.173736679315034], [129.16424291650284, 35.172965643327174], [129.16431478709006, 35.17237021247624], [129.16282785155548, 35.166680512492], [129.166395845929, 35.16708429442334], [129.1696405656595, 35.17067041387586], [129.17118905998618, 35.170787300222564], [129.17169007766077, 35.17195584115759], [129.17171315166055, 35.172590816926395], [129.17120622684376, 35.17346158566692], [129.17269100299222, 35.174249034398706], [129.17092379429388, 35.17661167817451]]]]}}, {"type": "Feature", "properties": {"code": "2635055400", "sgg_code": "26350", "sgg_nm": "해운대구", "dong_nm": "좌4동", "full_nm": "부산광역시 해운대구 좌4동", "label_lon": 129.175289, "label_lat": 35.188708}, "geometry": {"type": "MultiPolygon", "coordinates": [[[[129.18904466404177, 35.18995761388205], [129.1881888766853, 35.18933556689751], [129.1837791328208, 35.189719930277654], [129.1833225600009, 35.19072035829853], [129.18564304115662, 35.195486684932334], [129.18262012826793, 35.19798385738416], [129.1796338664037, 35.197900141902345], [129.1747419738532, 35.20095266091776], [129.1724720972387, 35.20202302077535], [129.17139558972835, 35.201872699379116], [129.17008484326774, 35.2009633932532], [129.16936951017513, 35.200984167907514], [129.16504002215248, 35.20311132372167], [129.16425470000857, 35.2048478062906], [129.1629818543271, 35.20597220737831], [129.16026027283183, 35.20629311485381], [129.1590783217777, 35.20473880181557], [129.15618236029584, 35.204271498900326], [129.1548801099982, 35.2040638206916], [129.1542102563306, 35.20177018898777], [129.15296218589202, 35.20093151524017], [129.15302585184642, 35.199238763072074], [129.15453554590567, 35.199018750084335], [129.15562067076064, 35.19822225694348], [129.15626691085237, 35.19822719461605], [129.1571652243248, 35.19772465087883], [129.15829930499956, 35.197464885596986], [129.1598617100908, 35.19659614493879], [129.16024374565984, 35.19555071056926], [129.16098584653727, 35.19527674979862], [129.16125745501975, 35.19485293239076], [129.16030588380997, 35.192840017636996], [129.16061936392518, 35.19152094167209], [129.16175319984322, 35.189867829068405], [129.1619133125106, 35.18775465068428], [129.16327879485462, 35.18759670983592], [129.16300883356362, 35.18685763695995], [129.1632968919949, 35.18627839513884], [129.16266077579317, 35.18600324437731], [129.1610366480608, 35.18423506980199], [129.1611461543947, 35.18372574609837], [129.1618564760496, 35.183466242118364], [129.1622313632306, 35.181591800681005], [129.16605397951628, 35.179505528928146], [129.16630575936816, 35.17907288508097], [129.16826400226944, 35.18006474734961], [129.17092379429388, 35.17661167817451], [129.17303779684204, 35.17781609667282], [129.1738718974817, 35.17805093387284], [129.17808743533772, 35.17712208986791], [129.17886906946873, 35.17651523301426], [129.181835014465, 35.17212767163553], [129.18313387188155, 35.172929640896655], [129.18368167406015, 35.17369545081824], [129.18375335055595, 35.17493369793861], [129.1831028270455, 35.17605648670648], [129.1909056447342, 35.17790676066071], [129.19011756033777, 35.17827313584119], [129.18946660291633, 35.17954176770289], [129.1895531792924, 35.18063096573263], [129.19060330978283, 35.18279698623859], [129.19016671170124, 35.183263444481234], [129.18783827999957, 35.18429340585382], [129.1879137822124, 35.184680021008404], [129.1895889646358, 35.18647460405955], [129.18940190146253, 35.186940933859056], [129.18865036040714, 35.187451628929274], [129.18858335995753, 35.18807961291379], [129.18904466404177, 35.18995761388205]]]]}}, {"type": "Feature", "properties": {"code": "2635057000", "sgg_code": "26350", "sgg_nm": "해운대구", "dong_nm": "반여1동", "full_nm": "부산광역시 해운대구 반여1동", "label_lon": 129.1251, "label_lat": 35.20421}, "geometry": {"type": "MultiPolygon", "coordinates": [[[[129.15618236029584, 35.204271498900326], [129.15070521484097, 35.2060320627258], [129.14571652265536, 35.208639499791666], [129.14469597127166, 35.21005809680715], [129.1435113441215, 35.212770368444644], [129.14348769380493, 35.21421532138512], [129.1419921493379, 35.217940977670345], [129.141029548251, 35.2185402877636], [129.13445082082075, 35.2180992899041], [129.12998373738716, 35.218480174523386], [129.13003276303704, 35.21869891220112], [129.12871530909027, 35.218604957340524], [129.12309532058487, 35.21691180857337], [129.12116205958, 35.21535792941553], [129.1197651858625, 35.21481257045309], [129.12119029124378, 35.210079158122575], [129.12098496841446, 35.208555022013066], [129.12016361077846, 35.206314716479085], [129.1193769128321, 35.20496724211408], [129.1163781122603, 35.2010936506585], [129.11520816891635, 35.198913409596756], [129.1143357774258, 35.19532238737012], [129.11419861514014, 35.19308778771091], [129.11529122402897, 35.18966379790281], [129.11928642702367, 35.19194739400332], [129.122406764662, 35.1937390631225], [129.1233005185707, 35.194531431900636], [129.12636655247516, 35.19588188324109], [129.12766189444724, 35.19672038257055], [129.12812980685771, 35.19896322268802], [129.12905024432584, 35.200324925880935], [129.13067042413775, 35.202057425634024], [129.13152802113308, 35.20455973597817], [129.1338492469669, 35.20414908260468], [129.1343906788144, 35.204403900224996], [129.13616160832385, 35.20573260402189], [129.13663913733788, 35.20747765130021], [129.14557275713832, 35.20507516677411], [129.147804791618, 35.20278221789503], [129.1486363193479, 35.202298008254296], [129.15296218589202, 35.20093151524017], [129.1542102563306, 35.20177018898777], [129.1548801099982, 35.2040638206916], [129.15618236029584, 35.204271498900326]]]]}}, {"type": "Feature", "properties": {"code": "2635059500", "sgg_code": "26350", "sgg_nm": "해운대구", "dong_nm": "반여4동", "full_nm": "부산광역시 해운대구 반여4동", "label_lon": 129.115395, "label_lat": 35.207807}, "geometry": {"type": "MultiPolygon", "coordinates": [[[[129.1163781122603, 35.2010936506585], [129.1193769128321, 35.20496724211408], [129.12016361077846, 35.206314716479085], [129.12098496841446, 35.208555022013066], [129.12119029124378, 35.210079158122575], [129.1197651858625, 35.21481257045309], [129.11908287723043, 35.214590526895776], [129.11891004939335, 35.21363658538754], [129.116538080089, 35.21392084132355], [129.1134495069031, 35.21294038318517], [129.1119365929105, 35.21220587799438], [129.11032400973258, 35.21097746179082], [129.11004041344015, 35.210114243992706], [129.10987451868468, 35.209673543069364], [129.11016251502542, 35.20705855475539], [129.11138457166993, 35.20386730951491], [129.1137764384947, 35.20176638745593], [129.11505869894745, 35.201767396100635], [129.1163781122603, 35.2010936506585]]]]}}, {"type": "Feature", "properties": {"code": "2635061000", "sgg_code": "26350", "sgg_nm": "해운대구", "dong_nm": "반송1동", "full_nm": "부산광역시 해운대구 반송1동", "label_lon": 129.141834, "label_lat": 35.22005}, "geometry": {"type": "MultiPolygon", "coordinates": [[[[129.16640185179898, 35.22083683167936], [129.16452715879572, 35.22205500371746], [129.16286656790098, 35.22380237391516], [129.15880004475187, 35.22552902719307], [129.1524858864773, 35.22735911864243], [129.15127688015457, 35.22986640226105], [129.14935172464553, 35.230119854945954], [129.14483363676928, 35.22901407947752], [129.14252866240173, 35.22912612015626], [129.14173908876958, 35.22980211560289], [129.13993042175463, 35.23010264833433], [129.13980658778112, 35.230755922786244], [129.14157771160043, 35.23321208992179], [129.14156981183893, 35.23354930136641], [129.13867211508705, 35.23496404118129], [129.13608639483158, 35.237172484172646], [129.13585279181572, 35.2365405623528], [129.1344567230455, 35.236829424078394], [129.1322236105234, 35.23554690287131], [129.1309907644054, 35.235240029562235], [129.13022787049496, 35.23327010358183], [129.1301287426499, 35.232280612622326], [129.13056186522633, 35.23126390063014], [129.1271824593931, 35.227681267802915], [129.1258440705305, 35.22694133230776], [129.12367577362005, 35.22710663725112], [129.11896114224695, 35.22483532157928], [129.1180832474061, 35.22389640367007], [129.11734727780495, 35.222446015674336], [129.1174198283776, 35.219263791395406], [129.11908287723043, 35.214590526895776], [129.1197651858625, 35.21481257045309], [129.12116205958, 35.21535792941553], [129.12309532058487, 35.21691180857337], [129.12871530909027, 35.218604957340524], [129.13003276303704, 35.21869891220112], [129.12998373738716, 35.218480174523386], [129.13445082082075, 35.2180992899041], [129.141029548251, 35.2185402877636], [129.1419921493379, 35.217940977670345], [129.14348769380493, 35.21421532138512], [129.1435113441215, 35.212770368444644], [129.14469597127166, 35.21005809680715], [129.14571652265536, 35.208639499791666], [129.15070521484097, 35.2060320627258], [129.15618236029584, 35.204271498900326], [129.1590783217777, 35.20473880181557], [129.16026027283183, 35.20629311485381], [129.15975925916305, 35.20969256606286], [129.16045481295413, 35.21183722750348], [129.16203139313677, 35.21256264896425], [129.16474023869512, 35.214936315012125], [129.1662144143843, 35.21846920908729], [129.16610325576477, 35.21910824853392], [129.16640185179898, 35.22083683167936]]]]}}, {"type": "Feature", "properties": {"code": "2638051000", "sgg_code": "26380", "sgg_nm": "사하구", "dong_nm": "괴정1동", "full_nm": "부산광역시 사하구 괴정1동", "label_lon": 128.990034, "label_lat": 35.101}, "geometry": {"type": "MultiPolygon", "coordinates": [[[[128.9930838690622, 35.093243069629374], [128.9934473549926, 35.095232698272696], [128.99337079485463, 35.09958713143609], [128.9924690016701, 35.10241214347186], [128.99353760221103, 35.10546526237365], [128.99296609478483, 35.107699557323734], [128.99204243609034, 35.10942238406496], [128.9916007237418, 35.10965109170835], [128.98775685436016, 35.10638771398048], [128.98740062291034, 35.10548485685322], [128.98778333024097, 35.1048290642516], [128.987693884717, 35.10395366647488], [128.98677115214514, 35.09895213420817], [128.98595002879713, 35.096524292527356], [128.98510601609934, 35.0950941575481], [128.98455055687913, 35.09461110739294], [128.98240096753318, 35.094307750732845], [128.9835560611985, 35.091884269258465], [128.98877627682515, 35.09183438640874], [128.99059479980448, 35.09119338573021], [128.9930838690622, 35.093243069629374]]]]}}, {"type": "Feature", "properties": {"code": "2638052000", "sgg_code": "26380", "sgg_nm": "사하구", "dong_nm": "괴정2동", "full_nm": "부산광역시 사하구 괴정2동", "label_lon": 129.002828, "label_lat": 35.108476}, "geometry": {"type": "MultiPolygon", "coordinates": [[[[129.00371121474373, 35.11067010633896], [129.00327423016125, 35.11180892870074], [129.0038037129357, 35.11324993412613], [129.00308758969084, 35.11409292109216], [129.00116361732503, 35.11422631698106], [129.0001455828842, 35.11838440909231], [128.99891804492688, 35.11345377499968], [128.99816521861732, 35.10748310090394], [128.99858994353204, 35.10468958553001], [128.999559903836, 35.10077865524189], [129.0004811431302, 35.099674007609856], [129.00024023689843, 35.09738208435368], [129.00346099681897, 35.09697097637919], [129.00674859070077, 35.099093306672636], [129.007432619249, 35.10182909615678], [129.01051364927392, 35.10559260281932], [129.00628224186983, 35.10946941892566], [129.00371121474373, 35.11067010633896]]]]}}, {"type": "Feature", "properties": {"code": "2638053000", "sgg_code": "26380", "sgg_nm": "사하구", "dong_nm": "괴정3동", "full_nm": "부산광역시 사하구 괴정3동", "label_lon": 128.995799, "label_lat": 35.106474}, "geometry": {"type": "MultiPolygon", "coordinates": [[[[129.0001455828842, 35.11838440909231], [128.99938496975244, 35.11848261274784], [128.9988500717383, 35.11814972036018], [128.99533276771575, 35.115073925333874], [128.9930698941878, 35.11131310585874], [128.99219047131385, 35.110766305773616], [128.9916007237418, 35.10965109170835], [128.99204243609034, 35.10942238406496], [128.99296609478483, 35.107699557323734], [128.99353760221103, 35.10546526237365], [128.9924690016701, 35.10241214347186], [128.99337079485463, 35.09958713143609], [128.9934473549926, 35.095232698272696], [128.9930838690622, 35.093243069629374], [128.99379218831464, 35.09389329028542], [128.9982345456784, 35.095752877491584], [129.00024023689843, 35.09738208435368], [129.0004811431302, 35.099674007609856], [128.999559903836, 35.10077865524189], [128.99858994353204, 35.10468958553001], [128.99816521861732, 35.10748310090394], [128.99891804492688, 35.11345377499968], [129.0001455828842, 35.11838440909231]]]]}}, {"type": "Feature", "properties": {"code": "2638054000", "sgg_code": "26380", "sgg_nm": "사하구", "dong_nm": "괴정4동", "full_nm": "부산광역시 사하구 괴정4동", "label_lon": 128.984859, "label_lat": 35.10253}, "geometry": {"type": "MultiPolygon", "coordinates": [[[[128.99219047131385, 35.110766305773616], [128.99068789986734, 35.11065935910962], [128.98858168940367, 35.108074981992054], [128.98810779033738, 35.107774505069514], [128.98550164691795, 35.107174946412236], [128.9830269780428, 35.102932922149456], [128.98154734175625, 35.10212665337881], [128.97803772219342, 35.09936551492299], [128.97665715435983, 35.0974533776947], [128.97500304418494, 35.09653237535922], [128.97628207449077, 35.096597124561065], [128.97784457931755, 35.096040620471186], [128.98048709506583, 35.09433605758562], [128.98240096753318, 35.094307750732845], [128.98455055687913, 35.09461110739294], [128.98510601609934, 35.0950941575481], [128.98595002879713, 35.096524292527356], [128.98677115214514, 35.09895213420817], [128.987693884717, 35.10395366647488], [128.98778333024097, 35.1048290642516], [128.98740062291034, 35.10548485685322], [128.98775685436016, 35.10638771398048], [128.9916007237418, 35.10965109170835], [128.99219047131385, 35.110766305773616]]]]}}, {"type": "Feature", "properties": {"code": "2638055000", "sgg_code": "26380", "sgg_nm": "사하구", "dong_nm": "당리동", "full_nm": "부산광역시 사하구 당리동", "label_lon": 128.982069, "label_lat": 35.110713}, "geometry": {"type": "MultiPolygon", "coordinates": [[[[128.99796856024992, 35.12254815787114], [128.99494670743795, 35.123148503061884], [128.9902410767688, 35.12358687791466], [128.98768908147932, 35.12492769978295], [128.98735689785522, 35.12389853747528], [128.98673530902727, 35.12313275534385], [128.9818915032444, 35.11936390892188], [128.98152764638243, 35.118107061820275], [128.97982418517978, 35.1167540714929], [128.97579120004255, 35.11692565838509], [128.9732357851548, 35.11154373911604], [128.9718778639274, 35.10944122580432], [128.96920404468895, 35.10639752946812], [128.96830762971373, 35.1062348998608], [128.96992482489924, 35.104863187859586], [128.97355195343, 35.10351042154325], [128.97336689417156, 35.10198084375019], [128.97133964209684, 35.0977345170449], [128.97500304418494, 35.09653237535922], [128.97665715435983, 35.0974533776947], [128.97803772219342, 35.09936551492299], [128.98154734175625, 35.10212665337881], [128.9830269780428, 35.102932922149456], [128.98550164691795, 35.107174946412236], [128.98810779033738, 35.107774505069514], [128.98858168940367, 35.108074981992054], [128.99068789986734, 35.11065935910962], [128.99219047131385, 35.110766305773616], [128.9930698941878, 35.11131310585874], [128.99533276771575, 35.115073925333874], [128.9988500717383, 35.11814972036018], [128.99938496975244, 35.11848261274784], [129.0001455828842, 35.11838440909231], [129.0005108766161, 35.120201283690506], [128.99796856024992, 35.12254815787114]]]]}}, {"type": "Feature", "properties": {"code": "2638056100", "sgg_code": "26380", "sgg_nm": "사하구", "dong_nm": "하단1동", "full_nm": "부산광역시 사하구 하단1동", "label_lon": 128.940437, "label_lat": 35.094274}, "geometry": {"type": "MultiPolygon", "coordinates": [[[[128.93685640338123, 35.109884367743234], [128.93290465491427, 35.11028433141648], [128.93178371472473, 35.10666369517246], [128.9286561600111, 35.09912628951176], [128.92678299232878, 35.09535729088144], [128.92535444740878, 35.093411534530844], [128.93297889813633, 35.08412424361001], [128.93851606290053, 35.07810166840805], [128.95090449520768, 35.078017227783455], [128.95103390248292, 35.07963336919848], [128.95132788748828, 35.0801574350066], [128.95053450576486, 35.08372544758419], [128.95117590127376, 35.0857948371911], [128.95344350814216, 35.08955594796076], [128.9551506703252, 35.09513734319423], [128.95561992671983, 35.099209277328406], [128.9603818298681, 35.0988658413805], [128.96318606903304, 35.09986219759928], [128.9644055612824, 35.100826228920155], [128.9661855773893, 35.10066685454839], [128.96965121618462, 35.09913346198188], [128.97133964209684, 35.0977345170449], [128.97336689417156, 35.10198084375019], [128.97355195343, 35.10351042154325], [128.96992482489924, 35.104863187859586], [128.96830762971373, 35.1062348998608], [128.95998407376328, 35.10620423333535], [128.94547816045, 35.1080668070264], [128.93938593877596, 35.10918091710968], [128.93685640338123, 35.109884367743234]]]]}}, {"type": "Feature", "properties": {"code": "2638056200", "sgg_code": "26380", "sgg_nm": "사하구", "dong_nm": "하단2동", "full_nm": "부산광역시 사하구 하단2동", "label_lon": 128.958183, "label_lat": 35.114913}, "geometry": {"type": "MultiPolygon", "coordinates": [[[[128.97579120004255, 35.11692565838509], [128.97495174862385, 35.117607814489915], [128.9688955643479, 35.120917048736004], [128.96371102885962, 35.12172427155547], [128.96314635016054, 35.12015636125776], [128.9615002451909, 35.119911661728935], [128.95990797566617, 35.12027791220839], [128.9582558418523, 35.123086602851465], [128.95687902012088, 35.12730608973392], [128.93903768106512, 35.112901215638175], [128.93685640338123, 35.109884367743234], [128.93938593877596, 35.10918091710968], [128.94547816045, 35.1080668070264], [128.95998407376328, 35.10620423333535], [128.96830762971373, 35.1062348998608], [128.96920404468895, 35.10639752946812], [128.9718778639274, 35.10944122580432], [128.9732357851548, 35.11154373911604], [128.97579120004255, 35.11692565838509]]]]}}, {"type": "Feature", "properties": {"code": "2638057100", "sgg_code": "26380", "sgg_nm": "사하구", "dong_nm": "신평1동", "full_nm": "부산광역시 사하구 신평1동", "label_lon": 128.975593, "label_lat": 35.090958}, "geometry": {"type": "MultiPolygon", "coordinates": [[[[128.97500304418494, 35.09653237535922], [128.97133964209684, 35.0977345170449], [128.96777193028777, 35.095641569978085], [128.96811079403057, 35.095419038001765], [128.96894460860446, 35.09189937180775], [128.96603010985254, 35.09003151247795], [128.96775200612703, 35.085394652012795], [128.97744098397342, 35.08512483575961], [128.98309476446858, 35.08492957321366], [128.9843578002488, 35.08706463486327], [128.9835560611985, 35.091884269258465], [128.98240096753318, 35.094307750732845], [128.98048709506583, 35.09433605758562], [128.97784457931755, 35.096040620471186], [128.97628207449077, 35.096597124561065], [128.97500304418494, 35.09653237535922]]]]}}, {"type": "Feature", "properties": {"code": "2638057200", "sgg_code": "26380", "sgg_nm": "사하구", "dong_nm": "신평2동", "full_nm": "부산광역시 사하구 신평2동", "label_lon": 128.960681, "label_lat": 35.090965}, "geometry": {"type": "MultiPolygon", "coordinates": [[[[128.97133964209684, 35.0977345170449], [128.96965121618462, 35.09913346198188], [128.9661855773893, 35.10066685454839], [128.9644055612824, 35.100826228920155], [128.96318606903304, 35.09986219759928], [128.9603818298681, 35.0988658413805], [128.95561992671983, 35.099209277328406], [128.9551506703252, 35.09513734319423], [128.95344350814216, 35.08955594796076], [128.95117590127376, 35.0857948371911], [128.95053450576486, 35.08372544758419], [128.95132788748828, 35.0801574350066], [128.95103390248292, 35.07963336919848], [128.95773238102956, 35.081429617279476], [128.96802024469045, 35.0845939818492], [128.96775200612703, 35.085394652012795], [128.96603010985254, 35.09003151247795], [128.96894460860446, 35.09189937180775], [128.96811079403057, 35.095419038001765], [128.96777193028777, 35.095641569978085], [128.97133964209684, 35.0977345170449]]]]}}, {"type": "Feature", "properties": {"code": "2638058000", "sgg_code": "26380", "sgg_nm": "사하구", "dong_nm": "장림1동", "full_nm": "부산광역시 사하구 장림1동", "label_lon": 128.959267, "label_lat": 35.075561}, "geometry": {"type": "MultiPolygon", "coordinates": [[[[128.97744098397342, 35.08512483575961], [128.96775200612703, 35.085394652012795], [128.96802024469045, 35.0845939818492], [128.95773238102956, 35.081429617279476], [128.95103390248292, 35.07963336919848], [128.95090449520768, 35.078017227783455], [128.95253664939406, 35.072043942586824], [128.9552130127886, 35.072682215043976], [128.95717367506023, 35.07145753334101], [128.96283751007675, 35.06865900400106], [128.96685238894747, 35.065066677130936], [128.96794799319233, 35.06503564352745], [128.96911925557512, 35.06590226880129], [128.9691624978951, 35.06643817672599], [128.9676199916045, 35.07192037576131], [128.96660273148174, 35.07310512082831], [128.96742514191334, 35.07877566655312], [128.96794057037653, 35.080162529493805], [128.96821889902208, 35.08074516632976], [128.97656826181762, 35.08063567987676], [128.97732721840293, 35.08230590267367], [128.97744098397342, 35.08512483575961]]]]}}, {"type": "Feature", "properties": {"code": "2638059000", "sgg_code": "26380", "sgg_nm": "사하구", "dong_nm": "장림2동", "full_nm": "부산광역시 사하구 장림2동", "label_lon": 128.976171, "label_lat": 35.075433}, "geometry": {"type": "MultiPolygon", "coordinates": [[[[128.98309476446858, 35.08492957321366], [128.97744098397342, 35.08512483575961], [128.97732721840293, 35.08230590267367], [128.97656826181762, 35.08063567987676], [128.96821889902208, 35.08074516632976], [128.96794057037653, 35.080162529493805], [128.96742514191334, 35.07877566655312], [128.96660273148174, 35.07310512082831], [128.9676199916045, 35.07192037576131], [128.9691624978951, 35.06643817672599], [128.96911925557512, 35.06590226880129], [128.9706341507583, 35.0663839309105], [128.97371663620515, 35.06560234998954], [128.9787560137263, 35.069336297010324], [128.97967586594714, 35.07035478736669], [128.9805914348428, 35.07203993217383], [128.98538140791925, 35.07489495999486], [128.98542179482143, 35.07597052899826], [128.98480682302082, 35.07903072617246], [128.9836702151275, 35.0799286109926], [128.98303526295197, 35.08146586059232], [128.98365954310648, 35.08473563841887], [128.98309476446858, 35.08492957321366]]]]}}, {"type": "Feature", "properties": {"code": "2638060100", "sgg_code": "26380", "sgg_nm": "사하구", "dong_nm": "다대1동", "full_nm": "부산광역시 사하구 다대1동", "label_lon": 128.968321, "label_lat": 35.052762}, "geometry": {"type": "MultiPolygon", "coordinates": [[[[128.9726613699132, 35.029657264705236], [128.97284049544044, 35.03107786566937], [128.97383688374913, 35.032948815987254], [128.9735697326326, 35.03397653677524], [128.97309514138726, 35.03452832160548], [128.97225562416168, 35.03480622380377], [128.9710643121049, 35.03418786325875], [128.96870740924305, 35.03082275348733], [128.9685327024136, 35.03023234354544], [128.96872008287275, 35.029854663077764], [128.97108542006168, 35.02932682058217], [128.9726613699132, 35.029657264705236]]], [[[128.97598397899372, 35.0432651244361], [128.97655714430533, 35.04415646849254], [128.9752659683621, 35.04553709404433], [128.9733191528833, 35.04622782498569], [128.97214482038692, 35.0460864282376], [128.97214807559467, 35.0452835583699], [128.9734973704078, 35.04418264358931], [128.97481540932444, 35.04344913349921], [128.97598397899372, 35.0432651244361]]], [[[128.96911925557512, 35.06590226880129], [128.96794799319233, 35.06503564352745], [128.96685238894747, 35.065066677130936], [128.96283751007675, 35.06865900400106], [128.95717367506023, 35.07145753334101], [128.9552130127886, 35.072682215043976], [128.95253664939406, 35.072043942586824], [128.95293362519772, 35.069538160471225], [128.95688712765832, 35.05447882920614], [128.9556863535575, 35.053095674475955], [128.9558950174769, 35.052427973280885], [128.958348551403, 35.04795944772298], [128.95922338678434, 35.0473183452424], [128.96207243243157, 35.04736827839425], [128.96437155209753, 35.04645826970932], [128.96450499177186, 35.046210686959256], [128.9644684095756, 35.04228658393903], [128.9633927732401, 35.04007344296186], [128.96270351446938, 35.03921177135296], [128.9626479687144, 35.03853381196701], [128.96300639112886, 35.03707331020806], [128.964619494733, 35.03392889891465], [128.9656766475302, 35.032636689770484], [128.96614294558827, 35.03261684028181], [128.96696702745456, 35.03327502989931], [128.96716294263513, 35.03553300624907], [128.96754234723892, 35.0364524564427], [128.96822569339372, 35.03697018141991], [128.97110067335865, 35.03825743794867], [128.97260830834549, 35.040399976145665], [128.9699304948433, 35.04042009759499], [128.97286518409283, 35.04305554741251], [128.97291460652397, 35.04347498497943], [128.96960729095622, 35.044983400607784], [128.96911458632493, 35.04621572401607], [128.96958220800866, 35.04747089286919], [128.9705149171231, 35.0480958927482], [128.97311070268645, 35.04909725579701], [128.97467155983543, 35.04865487645603], [128.97587906890703, 35.04795607765626], [128.9821400319223, 35.04776106534491], [128.98284830094647, 35.051623890638865], [128.9826508395401, 35.05193594330406], [128.98004886583237, 35.05312951308005], [128.97393547835182, 35.05322909909122], [128.97349419356797, 35.053348569893615], [128.97239209730512, 35.05440528505177], [128.97279707324896, 35.05663222792713], [128.97531408989119, 35.05656441268639], [128.97533338606908, 35.055946449197975], [128.97678579419818, 35.055248987669344], [128.97733630570067, 35.0554084732421], [128.97755604184255, 35.05691891870828], [128.9785525597753, 35.05834979310412], [128.9783201391498, 35.059237049364974], [128.97651821037647, 35.06070056384797], [128.97236226594748, 35.062524314435805], [128.97172015651765, 35.0634074270604], [128.9706341507583, 35.0663839309105], [128.96911925557512, 35.06590226880129]]]]}}, {"type": "Feature", "properties": {"code": "2638060200", "sgg_code": "26380", "sgg_nm": "사하구", "dong_nm": "다대2동", "full_nm": "부산광역시 사하구 다대2동", "label_lon": 128.989547, "label_lat": 35.059465}, "geometry": {"type": "MultiPolygon", "coordinates": [[[[128.99686392491128, 35.04845337829133], [128.9947064987188, 35.05403713222142], [128.99498158540132, 35.056909181528816], [128.9938622118169, 35.06000589093556], [128.99165588529814, 35.060399444187844], [128.9889259140715, 35.06124152824126], [128.9878647663008, 35.06530394361871], [128.98734104999417, 35.066080930046894], [128.982973573097, 35.068451769016896], [128.98120406847264, 35.06872708931444], [128.97967586594714, 35.07035478736669], [128.9787560137263, 35.069336297010324], [128.97371663620515, 35.06560234998954], [128.9706341507583, 35.0663839309105], [128.97172015651765, 35.0634074270604], [128.97236226594748, 35.062524314435805], [128.97651821037647, 35.06070056384797], [128.9783201391498, 35.059237049364974], [128.9785525597753, 35.05834979310412], [128.97755604184255, 35.05691891870828], [128.98455919395383, 35.05969255961449], [128.98815673178723, 35.05797245321205], [128.9905068495045, 35.052917107819106], [128.99006292537462, 35.05256657834386], [128.98980836207795, 35.050518476715304], [128.99027743067396, 35.04908470769659], [128.99442454631784, 35.04811957323483], [128.99686392491128, 35.04845337829133]]]]}}, {"type": "Feature", "properties": {"code": "2638061000", "sgg_code": "26380", "sgg_nm": "사하구", "dong_nm": "구평동", "full_nm": "부산광역시 사하구 구평동", "label_lon": 128.987899, "label_lat": 35.069541}, "geometry": {"type": "MultiPolygon", "coordinates": [[[[128.99059479980448, 35.09119338573021], [128.98877627682515, 35.09183438640874], [128.9835560611985, 35.091884269258465], [128.9843578002488, 35.08706463486327], [128.98309476446858, 35.08492957321366], [128.98365954310648, 35.08473563841887], [128.98303526295197, 35.08146586059232], [128.9836702151275, 35.0799286109926], [128.98480682302082, 35.07903072617246], [128.98542179482143, 35.07597052899826], [128.98538140791925, 35.07489495999486], [128.9805914348428, 35.07203993217383], [128.97967586594714, 35.07035478736669], [128.98120406847264, 35.06872708931444], [128.982973573097, 35.068451769016896], [128.98734104999417, 35.066080930046894], [128.9878647663008, 35.06530394361871], [128.9889259140715, 35.06124152824126], [128.99165588529814, 35.060399444187844], [128.9938622118169, 35.06000589093556], [128.99498158540132, 35.056909181528816], [128.9947064987188, 35.05403713222142], [128.99686392491128, 35.04845337829133], [128.99902395380403, 35.048813936198776], [128.99975624853388, 35.047865698242646], [129.00129603740098, 35.048215040820686], [128.99960065763386, 35.05293386921257], [128.99640626664146, 35.06026136821317], [128.99532664990102, 35.06349414343609], [128.99536691327228, 35.07134695985432], [128.9943879792513, 35.07139402649702], [128.99377826955677, 35.07267375018886], [128.99372999655458, 35.07378939939684], [128.99502999518967, 35.07454222783359], [128.99509554162407, 35.07568697841481], [128.99272507217705, 35.08013933896701], [128.99311906615398, 35.08386999399522], [128.9971763716535, 35.08302815557715], [128.99693557099823, 35.083370614696285], [128.99669070640923, 35.08609580887526], [128.99426476102585, 35.0883771380502], [128.99337646464002, 35.08790456286001], [128.992536141878, 35.088319963991744], [128.99097123327488, 35.09002354538153], [128.99059479980448, 35.09119338573021]]]]}}, {"type": "Feature", "properties": {"code": "2638062000", "sgg_code": "26380", "sgg_nm": "사하구", "dong_nm": "감천1동", "full_nm": "부산광역시 사하구 감천1동", "label_lon": 129.004323, "label_lat": 35.087}, "geometry": {"type": "MultiPolygon", "coordinates": [[[[129.00346099681897, 35.09697097637919], [129.00024023689843, 35.09738208435368], [128.9982345456784, 35.095752877491584], [128.99379218831464, 35.09389329028542], [128.9930838690622, 35.093243069629374], [128.99059479980448, 35.09119338573021], [128.99097123327488, 35.09002354538153], [128.992536141878, 35.088319963991744], [128.99337646464002, 35.08790456286001], [128.99426476102585, 35.0883771380502], [128.99669070640923, 35.08609580887526], [128.99693557099823, 35.083370614696285], [128.9971763716535, 35.08302815557715], [128.99798140643094, 35.08082757863427], [128.9986252810761, 35.0805545382931], [129.0015339622394, 35.08041089923636], [129.0017869184084, 35.081229645416194], [128.99977203532492, 35.08172216554028], [128.99915868116992, 35.083320692223836], [129.00270988293443, 35.0846783191387], [129.0051454785631, 35.08439773346548], [129.00393177878968, 35.081289913932224], [129.0044408963209, 35.0784448629278], [129.0062537658466, 35.0786305608276], [129.00834753889856, 35.07824138898025], [129.0101242610722, 35.07714196639879], [129.01131551486193, 35.0768630046373], [129.01163096171894, 35.08155531126193], [129.013174404632, 35.08809081487248], [129.00666165953675, 35.089738649040044], [129.00451978992223, 35.090988612734755], [129.00246995673263, 35.09386803029108], [129.003122564347, 35.094727043725115], [129.00346099681897, 35.09697097637919]]]]}}, {"type": "Feature", "properties": {"code": "2638063000", "sgg_code": "26380", "sgg_nm": "사하구", "dong_nm": "감천2동", "full_nm": "부산광역시 사하구 감천2동", "label_lon": 129.008427, "label_lat": 35.093527}, "geometry": {"type": "MultiPolygon", "coordinates": [[[[129.0128415442461, 35.0954082362893], [129.0101352247405, 35.0993707099392], [129.00674859070077, 35.099093306672636], [129.00346099681897, 35.09697097637919], [129.003122564347, 35.094727043725115], [129.00246995673263, 35.09386803029108], [129.00451978992223, 35.090988612734755], [129.00666165953675, 35.089738649040044], [129.013174404632, 35.08809081487248], [129.01401555533775, 35.089189657004084], [129.0142498785618, 35.090704094462566], [129.01442092933448, 35.09148981843454], [129.01430048622598, 35.09318594727336], [129.0138435320915, 35.094170152123006], [129.0128415442461, 35.0954082362893]]]]}}, {"type": "Feature", "properties": {"code": "2641051000", "sgg_code": "26410", "sgg_nm": "금정구", "dong_nm": "서1동", "full_nm": "부산광역시 금정구 서1동", "label_lon": 129.098593, "label_lat": 35.218317}, "geometry": {"type": "MultiPolygon", "coordinates": [[[[129.09966125720234, 35.216158742803096], [129.10187222136548, 35.21923831838009], [129.10145176136666, 35.21961682252684], [129.10052599696158, 35.21920664858784], [129.09944884516722, 35.222202930705365], [129.09616562534885, 35.220180566552166], [129.0964351731129, 35.21981345485922], [129.0964147723032, 35.21901985843933], [129.09546184217874, 35.2174940551802], [129.09511718755834, 35.217614274967154], [129.0940722402995, 35.21646737730061], [129.0943588901752, 35.21543237203513], [129.09563465939607, 35.21453932852696], [129.0975418855919, 35.21407628441511], [129.09966125720234, 35.216158742803096]]]]}}, {"type": "Feature", "properties": {"code": "2641052000", "sgg_code": "26410", "sgg_nm": "금정구", "dong_nm": "서2동", "full_nm": "부산광역시 금정구 서2동", "label_lon": 129.104306, "label_lat": 35.213311}, "geometry": {"type": "MultiPolygon", "coordinates": [[[[129.10842011994413, 35.21410883487645], [129.10197005674027, 35.21524779832981], [129.09966125720234, 35.216158742803096], [129.0975418855919, 35.21407628441511], [129.1018710391907, 35.21254637842011], [129.1025243550962, 35.21220212261949], [129.10232916060872, 35.211345122957006], [129.1050714291278, 35.210355267445735], [129.1063593105263, 35.20959120275214], [129.10863660538115, 35.21018527587185], [129.11004041344015, 35.210114243992706], [129.11032400973258, 35.21097746179082], [129.10842011994413, 35.21410883487645]]]]}}, {"type": "Feature", "properties": {"code": "2641055500", "sgg_code": "26410", "sgg_nm": "금정구", "dong_nm": "금사회동동", "full_nm": "부산광역시 금정구 금사회동동", "label_lon": 129.121509, "label_lat": 35.232775}, "geometry": {"type": "MultiPolygon", "coordinates": [[[[129.14428701915543, 35.25072721185762], [129.13923516551816, 35.25415543112416], [129.13600179448161, 35.25236353562732], [129.134382901228, 35.25090691363572], [129.13293738977006, 35.24828617509428], [129.13192012177828, 35.245087198733756], [129.12799373615883, 35.24074131696718], [129.12149618005608, 35.24001759652385], [129.1167764755659, 35.23813106784008], [129.11215368963718, 35.231842853680426], [129.10977389968681, 35.22991808487137], [129.1067166091087, 35.22789709143202], [129.10762329052193, 35.22716652177506], [129.10776643273078, 35.22663459136709], [129.10540384573574, 35.224279545001714], [129.1066699858723, 35.22307696325109], [129.10870602263833, 35.222092552171105], [129.11067002207685, 35.219024684829506], [129.10965043390493, 35.217257247646536], [129.10842011994413, 35.21410883487645], [129.11032400973258, 35.21097746179082], [129.1119365929105, 35.21220587799438], [129.1134495069031, 35.21294038318517], [129.116538080089, 35.21392084132355], [129.11891004939335, 35.21363658538754], [129.11908287723043, 35.214590526895776], [129.1174198283776, 35.219263791395406], [129.11734727780495, 35.222446015674336], [129.1180832474061, 35.22389640367007], [129.11896114224695, 35.22483532157928], [129.12367577362005, 35.22710663725112], [129.1258440705305, 35.22694133230776], [129.1271824593931, 35.227681267802915], [129.13056186522633, 35.23126390063014], [129.1301287426499, 35.232280612622326], [129.13022787049496, 35.23327010358183], [129.1309907644054, 35.235240029562235], [129.1322236105234, 35.23554690287131], [129.1344567230455, 35.236829424078394], [129.13585279181572, 35.2365405623528], [129.13608639483158, 35.237172484172646], [129.13694874643184, 35.23766655105079], [129.13728158091064, 35.23846698457584], [129.13992795377533, 35.24059664742165], [129.14053819320188, 35.241581818646104], [129.14125331849, 35.24188826906887], [129.14160130014352, 35.24259419452394], [129.14119981939828, 35.24380460780295], [129.14129401985372, 35.24415578503574], [129.14376194322003, 35.24685794126952], [129.14361404657424, 35.24868908515951], [129.14432028323984, 35.2499125574283], [129.14428701915543, 35.25072721185762]]]]}}, {"type": "Feature", "properties": {"code": "2641057000", "sgg_code": "26410", "sgg_nm": "금정구", "dong_nm": "부곡1동", "full_nm": "부산광역시 금정구 부곡1동", "label_lon": 129.094929, "label_lat": 35.224272}, "geometry": {"type": "MultiPolygon", "coordinates": [[[[129.10358387622892, 35.2297759103457], [129.1017149802622, 35.230489229557385], [129.10113462954124, 35.228384436976555], [129.10013554789435, 35.22707578245959], [129.09700684116092, 35.22562693130636], [129.0957947525233, 35.2254681034895], [129.09176591864335, 35.225770758905185], [129.08915943179457, 35.2265129182508], [129.0877990960281, 35.22222004004897], [129.0888426931495, 35.22160501019804], [129.09244944615062, 35.22196066783327], [129.09616562534885, 35.220180566552166], [129.09944884516722, 35.222202930705365], [129.1007586347603, 35.22307642528478], [129.10255493197545, 35.22638294018543], [129.10358387622892, 35.2297759103457]]]]}}, {"type": "Feature", "properties": {"code": "2641058000", "sgg_code": "26410", "sgg_nm": "금정구", "dong_nm": "부곡2동", "full_nm": "부산광역시 금정구 부곡2동", "label_lon": 129.095756, "label_lat": 35.230737}, "geometry": {"type": "MultiPolygon", "coordinates": [[[[129.1017149802622, 35.230489229557385], [129.10253477673064, 35.23098454575956], [129.10371153619184, 35.2337383804865], [129.1031539361213, 35.23428854233176], [129.10275539583805, 35.23537434402033], [129.10124468249703, 35.23628035269615], [129.0999011068176, 35.23548279591353], [129.09915268095665, 35.23464303410899], [129.09784048139943, 35.23432688077523], [129.08964270340184, 35.23494925160732], [129.08940702333845, 35.23108691761605], [129.08915943179457, 35.2265129182508], [129.09176591864335, 35.225770758905185], [129.0957947525233, 35.2254681034895], [129.09700684116092, 35.22562693130636], [129.10013554789435, 35.22707578245959], [129.10113462954124, 35.228384436976555], [129.1017149802622, 35.230489229557385]]]]}}, {"type": "Feature", "properties": {"code": "2641059000", "sgg_code": "26410", "sgg_nm": "금정구", "dong_nm": "부곡3동", "full_nm": "부산광역시 금정구 부곡3동", "label_lon": 129.11402, "label_lat": 35.244826}, "geometry": {"type": "MultiPolygon", "coordinates": [[[[129.13923516551816, 35.25415543112416], [129.14000945199842, 35.25715684534395], [129.14112584754795, 35.259433376603134], [129.1408600692582, 35.26017905792926], [129.13940459689405, 35.26035272353695], [129.13642782163583, 35.25942826708823], [129.13020504703502, 35.26005010839832], [129.1290427766355, 35.26076022933828], [129.1260057101869, 35.2619048939383], [129.1224637721463, 35.26153233707611], [129.12008273243816, 35.26031155040715], [129.11600914410948, 35.259130701524036], [129.1105418162351, 35.25658913099847], [129.10698924763986, 35.255747507606884], [129.10614352139473, 35.256072366323316], [129.10508864666897, 35.25602649293705], [129.10492105527493, 35.255499904890684], [129.10391367236193, 35.25394853729487], [129.101482823723, 35.25179364234684], [129.1008361064986, 35.25034171112463], [129.1008126482357, 35.24753450176213], [129.10030731732547, 35.24681509018078], [129.09752115533087, 35.24513793155434], [129.096003259834, 35.24473101689493], [129.09466426800543, 35.24492024311265], [129.09471840849704, 35.245618396123504], [129.09099341053204, 35.24315057725705], [129.08934960012326, 35.24147184419489], [129.08850568084432, 35.2403853935213], [129.0885300168804, 35.237699571246594], [129.08964270340184, 35.23494925160732], [129.09784048139943, 35.23432688077523], [129.09915268095665, 35.23464303410899], [129.0999011068176, 35.23548279591353], [129.10124468249703, 35.23628035269615], [129.10275539583805, 35.23537434402033], [129.1031539361213, 35.23428854233176], [129.10371153619184, 35.2337383804865], [129.10253477673064, 35.23098454575956], [129.1017149802622, 35.230489229557385], [129.10358387622892, 35.2297759103457], [129.1067166091087, 35.22789709143202], [129.10977389968681, 35.22991808487137], [129.11215368963718, 35.231842853680426], [129.1167764755659, 35.23813106784008], [129.12149618005608, 35.24001759652385], [129.12799373615883, 35.24074131696718], [129.13192012177828, 35.245087198733756], [129.13293738977006, 35.24828617509428], [129.134382901228, 35.25090691363572], [129.13600179448161, 35.25236353562732], [129.13923516551816, 35.25415543112416]]]]}}, {"type": "Feature", "properties": {"code": "2641059100", "sgg_code": "26410", "sgg_nm": "금정구", "dong_nm": "부곡4동", "full_nm": "부산광역시 금정구 부곡4동", "label_lon": 129.090678, "label_lat": 35.218471}, "geometry": {"type": "MultiPolygon", "coordinates": [[[[129.09616562534885, 35.220180566552166], [129.09244944615062, 35.22196066783327], [129.0888426931495, 35.22160501019804], [129.0877990960281, 35.22222004004897], [129.08726030886325, 35.221656807349376], [129.0849441794833, 35.21792228895111], [129.08655780409111, 35.21705278068723], [129.0883288479166, 35.21768181986481], [129.09238784394745, 35.21650163124502], [129.09369106003967, 35.215526837331886], [129.09399480101146, 35.214961450148934], [129.0943588901752, 35.21543237203513], [129.0940722402995, 35.21646737730061], [129.09511718755834, 35.217614274967154], [129.09546184217874, 35.2174940551802], [129.0964147723032, 35.21901985843933], [129.0964351731129, 35.21981345485922], [129.09616562534885, 35.220180566552166]]]]}}, {"type": "Feature", "properties": {"code": "2641060000", "sgg_code": "26410", "sgg_nm": "금정구", "dong_nm": "장전1동", "full_nm": "부산광역시 금정구 장전1동", "label_lon": 129.074964, "label_lat": 35.240532}, "geometry": {"type": "MultiPolygon", "coordinates": [[[[129.07742070596075, 35.2456788172848], [129.0768124953147, 35.24557439212546], [129.07098362190717, 35.24760418121836], [129.06937408632032, 35.24852751770785], [129.0688534536546, 35.24972721272652], [129.06751189530104, 35.24970545288874], [129.06244256788838, 35.244358420964836], [129.06124203331348, 35.24067846516861], [129.06227886946562, 35.238357766722444], [129.06367305961942, 35.23906135343774], [129.06610372829113, 35.23941107941666], [129.0755954230529, 35.236664183269944], [129.07680057010492, 35.23834486757075], [129.07765309429163, 35.23837283607046], [129.08171072346857, 35.23697340793895], [129.08293181649933, 35.234285015372464], [129.08940702333845, 35.23108691761605], [129.08964270340184, 35.23494925160732], [129.0885300168804, 35.237699571246594], [129.08850568084432, 35.2403853935213], [129.08934960012326, 35.24147184419489], [129.08583860772518, 35.243426206197086], [129.08438887162026, 35.24448624613488], [129.08338653115226, 35.2446808033512], [129.08295624380278, 35.24441981736712], [129.08109785928556, 35.244501457650024], [129.0783744000177, 35.24501772150385], [129.07742070596075, 35.2456788172848]]]]}}, {"type": "Feature", "properties": {"code": "2641063500", "sgg_code": "26410", "sgg_nm": "금정구", "dong_nm": "선두구동", "full_nm": "부산광역시 금정구 선두구동", "label_lon": 129.111819, "label_lat": 35.280805}, "geometry": {"type": "MultiPolygon", "coordinates": [[[[129.1089184004478, 35.305068397078145], [129.10620555382917, 35.30620054090735], [129.10348480126805, 35.306139385288276], [129.09813635166924, 35.30416582728483], [129.09700000954916, 35.30353974967768], [129.09662386025929, 35.301625173076125], [129.09772110262915, 35.29664415641433], [129.0984296405761, 35.29572760122334], [129.09959153976948, 35.29687961623166], [129.1027506012729, 35.29516086905171], [129.10277116132767, 35.29449050746763], [129.10191219613623, 35.29288202126842], [129.1020082114212, 35.290981482884405], [129.10548686368332, 35.28355393442312], [129.10491329491606, 35.28286127047101], [129.10386789963613, 35.282519931051326], [129.10368070006848, 35.283222020614915], [129.10261111627656, 35.28335966524697], [129.1000646827376, 35.28120339748992], [129.09638133956457, 35.27920097343226], [129.09455692001558, 35.27662709303882], [129.0937839637242, 35.275013267809285], [129.09561154914428, 35.27441179815079], [129.09721515450119, 35.27317953807594], [129.09738356311692, 35.27275668828438], [129.09728712675428, 35.271827637004016], [129.0958095070783, 35.26784868780021], [129.0953753620487, 35.26342485415084], [129.09539426373212, 35.263009208391495], [129.09706901981033, 35.2614112737056], [129.0983421652899, 35.260921375384925], [129.09974232381606, 35.25930927094397], [129.09951405022878, 35.257988333481336], [129.10066377027, 35.257356991007356], [129.10139518162353, 35.256375338932045], [129.10244586967983, 35.255704622780534], [129.10492105527493, 35.255499904890684], [129.10508864666897, 35.25602649293705], [129.10614352139473, 35.256072366323316], [129.10698924763986, 35.255747507606884], [129.1105418162351, 35.25658913099847], [129.11600914410948, 35.259130701524036], [129.12008273243816, 35.26031155040715], [129.1193757241296, 35.2621990470576], [129.12137055456571, 35.2695878031311], [129.12201561317232, 35.270832802578305], [129.12439252090897, 35.273322244739305], [129.12542570172567, 35.27672189588661], [129.12513646646565, 35.27840624844063], [129.12419620349647, 35.279476649868904], [129.12392570269233, 35.28040703340495], [129.12640585268923, 35.282999800521075], [129.1274491191427, 35.28572407279125], [129.12982913025536, 35.29033234100405], [129.1298754556232, 35.297588464235744], [129.1296640671979, 35.29800227229718], [129.1221996117302, 35.30150225345867], [129.12083475858412, 35.30193077171007], [129.11601776526172, 35.30218221244042], [129.1089184004478, 35.305068397078145]]]]}}, {"type": "Feature", "properties": {"code": "2641066500", "sgg_code": "26410", "sgg_nm": "금정구", "dong_nm": "청룡노포동", "full_nm": "부산광역시 금정구 청룡노포동", "label_lon": 129.077636, "label_lat": 35.28591}, "geometry": {"type": "MultiPolygon", "coordinates": [[[[129.09738356311692, 35.27275668828438], [129.09721515450119, 35.27317953807594], [129.09561154914428, 35.27441179815079], [129.0937839637242, 35.275013267809285], [129.09455692001558, 35.27662709303882], [129.09638133956457, 35.27920097343226], [129.1000646827376, 35.28120339748992], [129.10261111627656, 35.28335966524697], [129.10368070006848, 35.283222020614915], [129.10386789963613, 35.282519931051326], [129.10491329491606, 35.28286127047101], [129.10548686368332, 35.28355393442312], [129.1020082114212, 35.290981482884405], [129.10191219613623, 35.29288202126842], [129.10277116132767, 35.29449050746763], [129.1027506012729, 35.29516086905171], [129.09959153976948, 35.29687961623166], [129.0984296405761, 35.29572760122334], [129.09772110262915, 35.29664415641433], [129.09662386025929, 35.301625173076125], [129.09700000954916, 35.30353974967768], [129.09065286252923, 35.303564884041194], [129.0889496857838, 35.303068169663696], [129.08653156603387, 35.30147644577722], [129.0776392771664, 35.29351259304833], [129.0731730478537, 35.289942041962505], [129.0694355018217, 35.29006980095527], [129.06511496042341, 35.29150609986618], [129.0629779555761, 35.292782328653615], [129.06013398666815, 35.295554175602426], [129.051862286997, 35.287957060608456], [129.04991276854275, 35.28386243063585], [129.0499483244923, 35.28229804593501], [129.05056876838418, 35.281509100351016], [129.05095808380818, 35.28045554326725], [129.0505678912383, 35.28005598956564], [129.05457961029475, 35.27759294245023], [129.05720880059158, 35.27568118383552], [129.06083341530376, 35.272237931217994], [129.06340864343946, 35.27258167682635], [129.06564892037682, 35.27217859643156], [129.07604980257648, 35.27324361968507], [129.0778973465718, 35.27408405532805], [129.0811341982858, 35.2762707462825], [129.08315231741594, 35.275449847831496], [129.08792167267757, 35.275399763523446], [129.0895095694302, 35.27350927958238], [129.091277300472, 35.27214556701874], [129.09587710037025, 35.271972157158764], [129.09738356311692, 35.27275668828438]]]]}}, {"type": "Feature", "properties": {"code": "2641067000", "sgg_code": "26410", "sgg_nm": "금정구", "dong_nm": "남산동", "full_nm": "부산광역시 금정구 남산동", "label_lon": 129.078763, "label_lat": 35.266599}, "geometry": {"type": "MultiPolygon", "coordinates": [[[[129.09738356311692, 35.27275668828438], [129.09587710037025, 35.271972157158764], [129.091277300472, 35.27214556701874], [129.0895095694302, 35.27350927958238], [129.08792167267757, 35.275399763523446], [129.08315231741594, 35.275449847831496], [129.0811341982858, 35.2762707462825], [129.0778973465718, 35.27408405532805], [129.07604980257648, 35.27324361968507], [129.06564892037682, 35.27217859643156], [129.06340864343946, 35.27258167682635], [129.06083341530376, 35.272237931217994], [129.06044207885063, 35.27032050448265], [129.0623075479124, 35.26534993079409], [129.06236053782789, 35.26365921033767], [129.06193182145475, 35.26252486704369], [129.06216432190314, 35.26192411634172], [129.0668193461864, 35.25757052965215], [129.0675773246732, 35.25715636805253], [129.067969966632, 35.25730989781829], [129.07448020099193, 35.25997456280876], [129.07636508204482, 35.26023461801498], [129.07747580560545, 35.260060911470106], [129.0790581705924, 35.26041865590537], [129.08020025828083, 35.26102837173511], [129.08081360025466, 35.26149681260275], [129.0806159217542, 35.26403856231901], [129.08111479319535, 35.26443488561497], [129.0835333465565, 35.26412897368267], [129.08479198403128, 35.26369367048613], [129.09034763249306, 35.26048620369226], [129.09138508120822, 35.25979659476865], [129.09137240773808, 35.25798700000926], [129.09328388065614, 35.25726109464681], [129.09620930298837, 35.26165299696814], [129.09706901981033, 35.2614112737056], [129.09539426373212, 35.263009208391495], [129.0953753620487, 35.26342485415084], [129.0958095070783, 35.26784868780021], [129.09728712675428, 35.271827637004016], [129.09738356311692, 35.27275668828438]]]]}}, {"type": "Feature", "properties": {"code": "2641068000", "sgg_code": "26410", "sgg_nm": "금정구", "dong_nm": "구서1동", "full_nm": "부산광역시 금정구 구서1동", "label_lon": 129.093374, "label_lat": 35.249734}, "geometry": {"type": "MultiPolygon", "coordinates": [[[[129.10492105527493, 35.255499904890684], [129.10244586967983, 35.255704622780534], [129.10139518162353, 35.256375338932045], [129.10066377027, 35.257356991007356], [129.09951405022878, 35.257988333481336], [129.0985236749251, 35.25775208795609], [129.09446707313657, 35.25530857675716], [129.08998190535993, 35.25152851672039], [129.08990612607903, 35.24997977325862], [129.08497156782158, 35.24967552763684], [129.08082965470732, 35.249792079984395], [129.0789098953979, 35.249016190127946], [129.0785209873445, 35.24848321178782], [129.0784683221008, 35.24723471791737], [129.07742070596075, 35.2456788172848], [129.0783744000177, 35.24501772150385], [129.08109785928556, 35.244501457650024], [129.08295624380278, 35.24441981736712], [129.08338653115226, 35.2446808033512], [129.08438887162026, 35.24448624613488], [129.08583860772518, 35.243426206197086], [129.08934960012326, 35.24147184419489], [129.09099341053204, 35.24315057725705], [129.09471840849704, 35.245618396123504], [129.09466426800543, 35.24492024311265], [129.096003259834, 35.24473101689493], [129.09752115533087, 35.24513793155434], [129.10030731732547, 35.24681509018078], [129.1008126482357, 35.24753450176213], [129.1008361064986, 35.25034171112463], [129.101482823723, 35.25179364234684], [129.10391367236193, 35.25394853729487], [129.10492105527493, 35.255499904890684]]]]}}, {"type": "Feature", "properties": {"code": "2641069000", "sgg_code": "26410", "sgg_nm": "금정구", "dong_nm": "구서2동", "full_nm": "부산광역시 금정구 구서2동", "label_lon": 129.080411, "label_lat": 35.254777}, "geometry": {"type": "MultiPolygon", "coordinates": [[[[129.09706901981033, 35.2614112737056], [129.09620930298837, 35.26165299696814], [129.09328388065614, 35.25726109464681], [129.09137240773808, 35.25798700000926], [129.09138508120822, 35.25979659476865], [129.09034763249306, 35.26048620369226], [129.08479198403128, 35.26369367048613], [129.0835333465565, 35.26412897368267], [129.08111479319535, 35.26443488561497], [129.0806159217542, 35.26403856231901], [129.08081360025466, 35.26149681260275], [129.08020025828083, 35.26102837173511], [129.0790581705924, 35.26041865590537], [129.07747580560545, 35.260060911470106], [129.07636508204482, 35.26023461801498], [129.07448020099193, 35.25997456280876], [129.067969966632, 35.25730989781829], [129.06718730882292, 35.255674146888076], [129.06686447182355, 35.25424580044442], [129.06751189530104, 35.24970545288874], [129.0688534536546, 35.24972721272652], [129.06937408632032, 35.24852751770785], [129.07098362190717, 35.24760418121836], [129.0768124953147, 35.24557439212546], [129.07742070596075, 35.2456788172848], [129.0784683221008, 35.24723471791737], [129.0785209873445, 35.24848321178782], [129.0789098953979, 35.249016190127946], [129.08082965470732, 35.249792079984395], [129.08497156782158, 35.24967552763684], [129.08990612607903, 35.24997977325862], [129.08998190535993, 35.25152851672039], [129.09446707313657, 35.25530857675716], [129.0985236749251, 35.25775208795609], [129.09951405022878, 35.257988333481336], [129.09974232381606, 35.25930927094397], [129.0983421652899, 35.260921375384925], [129.09706901981033, 35.2614112737056]]]]}}, {"type": "Feature", "properties": {"code": "2641070000", "sgg_code": "26410", "sgg_nm": "금정구", "dong_nm": "금성동", "full_nm": "부산광역시 금정구 금성동", "label_lon": 129.057376, "label_lat": 35.254657}, "geometry": {"type": "MultiPolygon", "coordinates": [[[[129.06083341530376, 35.272237931217994], [129.05720880059158, 35.27568118383552], [129.05457961029475, 35.27759294245023], [129.0505678912383, 35.28005598956564], [129.04687966452582, 35.273768146964635], [129.0425811218151, 35.26863911046401], [129.04213125428126, 35.26400846802992], [129.0415999361129, 35.26332996291464], [129.04000578659264, 35.26280314423335], [129.03912203092867, 35.2628362515363], [129.0377532167463, 35.26211965556638], [129.03609692814624, 35.259718460588694], [129.03765103622203, 35.2597186859331], [129.0406458518704, 35.258897156509995], [129.04673467740338, 35.25702662228451], [129.0477920449618, 35.256461275156155], [129.0485514320086, 35.25506816052614], [129.04700457565738, 35.254228686995944], [129.0454152960703, 35.252135943974984], [129.04543704113826, 35.24765920179981], [129.0455222494302, 35.247018017539546], [129.0460970367743, 35.24627191654039], [129.0482823840405, 35.246027215863954], [129.0496092363749, 35.24512957946922], [129.051070947826, 35.24102008674407], [129.05063820345893, 35.239883406956395], [129.04992167610965, 35.23897988548466], [129.04881477225084, 35.23847855902306], [129.04915549963502, 35.23802971527923], [129.0469706260305, 35.23477115820089], [129.0457434506553, 35.233342951874825], [129.04609125202282, 35.23131448893426], [129.04653107718616, 35.23099970449402], [129.04912036421635, 35.230865738425344], [129.0515895500284, 35.22964869902793], [129.05270415319617, 35.229553996487226], [129.05624849071836, 35.22967720273008], [129.05811935674362, 35.23018567213448], [129.05971076477323, 35.23002343231531], [129.05932862486978, 35.232638572198404], [129.0594909179065, 35.233364740302086], [129.06227886946562, 35.238357766722444], [129.06124203331348, 35.24067846516861], [129.06244256788838, 35.244358420964836], [129.06751189530104, 35.24970545288874], [129.06686447182355, 35.25424580044442], [129.06718730882292, 35.255674146888076], [129.067969966632, 35.25730989781829], [129.0675773246732, 35.25715636805253], [129.0668193461864, 35.25757052965215], [129.06216432190314, 35.26192411634172], [129.06193182145475, 35.26252486704369], [129.06236053782789, 35.26365921033767], [129.0623075479124, 35.26534993079409], [129.06044207885063, 35.27032050448265], [129.06083341530376, 35.272237931217994]]]]}}, {"type": "Feature", "properties": {"code": "2641053000", "sgg_code": "26410", "sgg_nm": "금정구", "dong_nm": "서3동", "full_nm": "부산광역시 금정구 서3동", "label_lon": 129.104716, "label_lat": 35.220855}, "geometry": {"type": "MultiPolygon", "coordinates": [[[[129.1067166091087, 35.22789709143202], [129.10358387622892, 35.2297759103457], [129.10255493197545, 35.22638294018543], [129.1007586347603, 35.22307642528478], [129.09944884516722, 35.222202930705365], [129.10052599696158, 35.21920664858784], [129.10145176136666, 35.21961682252684], [129.10187222136548, 35.21923831838009], [129.09966125720234, 35.216158742803096], [129.10197005674027, 35.21524779832981], [129.10842011994413, 35.21410883487645], [129.10965043390493, 35.217257247646536], [129.11067002207685, 35.219024684829506], [129.10870602263833, 35.222092552171105], [129.1066699858723, 35.22307696325109], [129.10540384573574, 35.224279545001714], [129.10776643273078, 35.22663459136709], [129.10762329052193, 35.22716652177506], [129.1067166091087, 35.22789709143202]]]]}}, {"type": "Feature", "properties": {"code": "2644051000", "sgg_code": "26440", "sgg_nm": "강서구", "dong_nm": "대저1동", "full_nm": "부산광역시 강서구 대저1동", "label_lon": 128.969373, "label_lat": 35.210497}, "geometry": {"type": "MultiPolygon", "coordinates": [[[[128.9968774824069, 35.2236338757376], [128.99760664208236, 35.23438729442228], [128.99554312774987, 35.23324968795548], [128.99310831871276, 35.23291725683651], [128.98002491008614, 35.228341710942885], [128.97676535250628, 35.22781581819442], [128.97056832668653, 35.22726168237944], [128.95947931357304, 35.225078072812025], [128.95246363516443, 35.22431789183465], [128.9502535768454, 35.22485447959614], [128.94711852156163, 35.22668441122553], [128.94412746189275, 35.22484300022518], [128.9439515153885, 35.224073111347195], [128.94389274346025, 35.22167904108445], [128.94486103238032, 35.219095472033615], [128.945635086636, 35.21807596051577], [128.94606932150828, 35.21703410864188], [128.94613499124995, 35.21525821919811], [128.94596121938997, 35.21482603040174], [128.9380177226017, 35.20408671667136], [128.93610972001468, 35.202642705995565], [128.93456471339368, 35.20187596805473], [128.93281692846486, 35.199957772199724], [128.93116334567063, 35.19754649440374], [128.93057732230156, 35.19363583849993], [128.93003230114402, 35.192377761554454], [128.92927882479015, 35.191490420300966], [128.92709349396583, 35.190377119377075], [128.92899405544253, 35.18974721755042], [128.9327358721833, 35.19066452788527], [128.93399985681552, 35.19321325276738], [128.9395432014043, 35.19305567685692], [128.9457029603544, 35.1917125298287], [128.94999855676704, 35.18761137894176], [128.95718900622705, 35.192638489363176], [128.95223512454785, 35.19850528773091], [128.96340494749714, 35.20322194732695], [128.9635826564096, 35.19477169744501], [128.9661854276633, 35.19713397130469], [128.96905852197418, 35.19474762303557], [128.96974350785882, 35.19359734082193], [128.97247674429147, 35.19068033313128], [128.98206600494177, 35.19649959467478], [128.9866827003981, 35.196032872243855], [128.98818504717465, 35.19723851758359], [128.99178006158067, 35.20096171643757], [128.98928172982468, 35.20250427236374], [128.99434117148252, 35.20671174452524], [128.9958135167809, 35.207936038012726], [128.99616066322818, 35.213058897548734], [128.9968774824069, 35.2236338757376]]]]}}, {"type": "Feature", "properties": {"code": "2644052000", "sgg_code": "26440", "sgg_nm": "강서구", "dong_nm": "대저2동", "full_nm": "부산광역시 강서구 대저2동", "label_lon": 128.941537, "label_lat": 35.157944}, "geometry": {"type": "MultiPolygon", "coordinates": [[[[128.97247674429147, 35.19068033313128], [128.96974350785882, 35.19359734082193], [128.96905852197418, 35.19474762303557], [128.9661854276633, 35.19713397130469], [128.9635826564096, 35.19477169744501], [128.96340494749714, 35.20322194732695], [128.95223512454785, 35.19850528773091], [128.95718900622705, 35.192638489363176], [128.94999855676704, 35.18761137894176], [128.9457029603544, 35.1917125298287], [128.9395432014043, 35.19305567685692], [128.93399985681552, 35.19321325276738], [128.9327358721833, 35.19066452788527], [128.92899405544253, 35.18974721755042], [128.92709349396583, 35.190377119377075], [128.9229590682881, 35.18883923482273], [128.921256750178, 35.18667375149141], [128.91982905771, 35.182151713568345], [128.91830977278005, 35.17590787239232], [128.91607313960168, 35.17035228850731], [128.91924682972402, 35.164925500709515], [128.9237899807012, 35.152399510575194], [128.92588615914633, 35.148651754534725], [128.92619840547917, 35.1463309854755], [128.92545467867686, 35.144157192877714], [128.92199296587876, 35.13862777105772], [128.91820819752783, 35.13416033604034], [128.9180293571964, 35.13319496278457], [128.9183898890482, 35.132163781580395], [128.91910457802263, 35.13181005850837], [128.9211436643233, 35.13170627075223], [128.92172112246953, 35.13137967055977], [128.92450689187277, 35.126761371001884], [128.92748028364795, 35.123668825361214], [128.9320259931547, 35.11784084438051], [128.93258277130315, 35.11685467499594], [128.93266972239547, 35.114898931521616], [128.93316365734245, 35.113950807181006], [128.9346947232346, 35.11333053770244], [128.93903768106512, 35.112901215638175], [128.95687902012088, 35.12730608973392], [128.96057356257216, 35.13718103650128], [128.9614188668208, 35.13943999888083], [128.9608201678533, 35.142543253130384], [128.9595287363413, 35.14923637325415], [128.96242092421272, 35.16348948775276], [128.96264699361532, 35.17290279850197], [128.96201475096996, 35.18198125339427], [128.9655239786972, 35.186458450186386], [128.97247674429147, 35.19068033313128]]]]}}, {"type": "Feature", "properties": {"code": "2644053000", "sgg_code": "26440", "sgg_nm": "강서구", "dong_nm": "강동동", "full_nm": "부산광역시 강서구 강동동", "label_lon": 128.912338, "label_lat": 35.17903}, "geometry": {"type": "MultiPolygon", "coordinates": [[[[128.94711852156163, 35.22668441122553], [128.9448320866592, 35.22792179440606], [128.94101845603515, 35.22686541811865], [128.9368552523918, 35.22492818898322], [128.93285834573106, 35.22214090600416], [128.93168106537698, 35.221702220554654], [128.92348871431918, 35.21605396989044], [128.92065397715214, 35.214093659328675], [128.91884796034478, 35.210168327650614], [128.91676829934596, 35.20703710007206], [128.9056415517545, 35.19955960497643], [128.90455552376503, 35.19684432530402], [128.90426938836313, 35.19471100894451], [128.90558577632572, 35.19124633085572], [128.90608545124383, 35.18763344472447], [128.90543169488228, 35.175905695320665], [128.9049775274493, 35.17161342993506], [128.9029620675703, 35.16252135118173], [128.9029587823307, 35.13706724982851], [128.9037826060807, 35.13078738539631], [128.90624184633612, 35.13147034480191], [128.90899988722217, 35.13316602112371], [128.91136275011192, 35.13398052020143], [128.91676941334939, 35.1347510093463], [128.91820819752783, 35.13416033604034], [128.92199296587876, 35.13862777105772], [128.92545467867686, 35.144157192877714], [128.92619840547917, 35.1463309854755], [128.92588615914633, 35.148651754534725], [128.9237899807012, 35.152399510575194], [128.91924682972402, 35.164925500709515], [128.91607313960168, 35.17035228850731], [128.91830977278005, 35.17590787239232], [128.91982905771, 35.182151713568345], [128.921256750178, 35.18667375149141], [128.9229590682881, 35.18883923482273], [128.92709349396583, 35.190377119377075], [128.92927882479015, 35.191490420300966], [128.93003230114402, 35.192377761554454], [128.93057732230156, 35.19363583849993], [128.93116334567063, 35.19754649440374], [128.93281692846486, 35.199957772199724], [128.93456471339368, 35.20187596805473], [128.93610972001468, 35.202642705995565], [128.9380177226017, 35.20408671667136], [128.94596121938997, 35.21482603040174], [128.94613499124995, 35.21525821919811], [128.94606932150828, 35.21703410864188], [128.945635086636, 35.21807596051577], [128.94486103238032, 35.219095472033615], [128.94389274346025, 35.22167904108445], [128.9439515153885, 35.224073111347195], [128.94412746189275, 35.22484300022518], [128.94711852156163, 35.22668441122553]]]]}}, {"type": "Feature", "properties": {"code": "2644053500", "sgg_code": "26440", "sgg_nm": "강서구", "dong_nm": "명지1동", "full_nm": "부산광역시 강서구 명지1동", "label_lon": 128.919389, "label_lat": 35.111561}, "geometry": {"type": "MultiPolygon", "coordinates": [[[[128.91820819752783, 35.13416033604034], [128.91676941334939, 35.1347510093463], [128.91136275011192, 35.13398052020143], [128.90899988722217, 35.13316602112371], [128.90624184633612, 35.13147034480191], [128.9037826060807, 35.13078738539631], [128.90179321230835, 35.13061383110383], [128.90052638890464, 35.12524161179921], [128.90000620333473, 35.12141439216477], [128.90064416208733, 35.119256386360945], [128.9054627609308, 35.11805913018915], [128.9045540932235, 35.115644123843936], [128.9020934344399, 35.11369358266803], [128.9008670949488, 35.111977424004], [128.9005511755282, 35.11114513978261], [128.90055978988033, 35.10912039718041], [128.900959523367, 35.10797242377286], [128.89939478993824, 35.09929160225298], [128.89776288765117, 35.093084267155305], [128.89627259836442, 35.08899668198007], [128.9121729069662, 35.089365281474244], [128.9219000256033, 35.09268627045527], [128.92535444740878, 35.093411534530844], [128.92678299232878, 35.09535729088144], [128.9286561600111, 35.09912628951176], [128.93178371472473, 35.10666369517246], [128.93290465491427, 35.11028433141648], [128.93685640338123, 35.109884367743234], [128.93903768106512, 35.112901215638175], [128.9346947232346, 35.11333053770244], [128.93316365734245, 35.113950807181006], [128.93266972239547, 35.114898931521616], [128.93258277130315, 35.11685467499594], [128.9320259931547, 35.11784084438051], [128.92748028364795, 35.123668825361214], [128.92450689187277, 35.126761371001884], [128.92172112246953, 35.13137967055977], [128.9211436643233, 35.13170627075223], [128.91910457802263, 35.13181005850837], [128.9183898890482, 35.132163781580395], [128.9180293571964, 35.13319496278457], [128.91820819752783, 35.13416033604034]]]]}}, {"type": "Feature", "properties": {"code": "2644055000", "sgg_code": "26440", "sgg_nm": "강서구", "dong_nm": "가락동", "full_nm": "부산광역시 강서구 가락동", "label_lon": 128.892831, "label_lat": 35.177832}, "geometry": {"type": "MultiPolygon", "coordinates": [[[[128.92348871431918, 35.21605396989044], [128.91663323994115, 35.21696396515944], [128.91238816085257, 35.22256299901472], [128.91029533752786, 35.22293372040214], [128.90989951489877, 35.22238017568529], [128.91012984762892, 35.22209158368275], [128.90995435987148, 35.22173235386436], [128.90889250040323, 35.220558731545424], [128.9087142264793, 35.22070083068793], [128.9087715205517, 35.221878135599745], [128.910213261697, 35.222941880645514], [128.90953104141997, 35.22308536415739], [128.90504598342622, 35.22007429742726], [128.91022909536053, 35.21501883745479], [128.9088764190504, 35.214790177679056], [128.90494283864686, 35.21534462699782], [128.896597715058, 35.21310603590278], [128.88912017823364, 35.21478451500707], [128.88751558892355, 35.21418798973343], [128.88642199605752, 35.214633001464875], [128.88603299695959, 35.214527942357165], [128.8841424777816, 35.21367929321098], [128.88395269177778, 35.21316589050629], [128.8841388674679, 35.21251262737392], [128.88381426237825, 35.212073772968346], [128.8817526952082, 35.21049538596638], [128.87964428595015, 35.2101564791077], [128.87905662643058, 35.20976298450511], [128.87543301164746, 35.20588594987279], [128.87038897776137, 35.20171224662656], [128.87619059757614, 35.19290817964182], [128.87581748550377, 35.18879659846529], [128.87602011690961, 35.18818346824757], [128.8764977788261, 35.18741360477916], [128.8815648181799, 35.18293809868363], [128.88163483428465, 35.18194579564133], [128.88065328767982, 35.180995225152515], [128.88009855302644, 35.17975846221294], [128.88019930669716, 35.17203049299251], [128.89064369096093, 35.16398580429877], [128.89039805720935, 35.16179638811746], [128.88794853043598, 35.158476452047545], [128.88708166697998, 35.15635433631303], [128.88766235280494, 35.1479883814371], [128.88815200965738, 35.145680831552916], [128.8893560615145, 35.1432635804322], [128.89060108321075, 35.14112638648005], [128.8945813111883, 35.13700594415646], [128.89635301523398, 35.13567522984747], [128.8980411294681, 35.13494687959173], [128.901604331237, 35.1328283754922], [128.9037826060807, 35.13078738539631], [128.9029587823307, 35.13706724982851], [128.9029620675703, 35.16252135118173], [128.9049775274493, 35.17161342993506], [128.90543169488228, 35.175905695320665], [128.90608545124383, 35.18763344472447], [128.90558577632572, 35.19124633085572], [128.90426938836313, 35.19471100894451], [128.90455552376503, 35.19684432530402], [128.9056415517545, 35.19955960497643], [128.91676829934596, 35.20703710007206], [128.91884796034478, 35.210168327650614], [128.92065397715214, 35.214093659328675], [128.92348871431918, 35.21605396989044]]]]}}, {"type": "Feature", "properties": {"code": "2644059000", "sgg_code": "26440", "sgg_nm": "강서구", "dong_nm": "신호동", "full_nm": "부산광역시 강서구 신호동", "label_lon": 128.879081, "label_lat": 35.081145}, "geometry": {"type": "MultiPolygon", "coordinates": [[[[128.87195115309547, 35.08047806394135], [128.8719511530955, 35.08047806394135], [128.87519298393707, 35.0793568770017], [128.8748088603839, 35.07052768679258], [128.87454771693734, 35.06973306475022], [128.86314298697116, 35.06979696664295], [128.86113183781694, 35.071298060558405], [128.8599817709457, 35.071315693974036], [128.85879602061198, 35.0697586196432], [128.86029846429136, 35.06837038699858], [128.87330867608273, 35.06155423147554], [128.88196559420194, 35.06005509004624], [128.88482394033005, 35.06353509740795], [128.88687840958738, 35.079109576392284], [128.89259511472258, 35.093959422766176], [128.87716739798012, 35.09864894563074], [128.8746580916125, 35.09898566476212], [128.8687378943101, 35.101625632856944], [128.8661858366765, 35.10009280094743], [128.8658304387681, 35.099519057647065], [128.8657361185164, 35.09803109940629], [128.8663604933308, 35.098038035621336], [128.86667576700026, 35.09773529846319], [128.87097898352675, 35.08866629276696], [128.8710508035562, 35.08475961676562], [128.8690507939669, 35.08181164433174], [128.87195115309547, 35.08047806394135]]]]}}, {"type": "Feature", "properties": {"code": "2644058000", "sgg_code": "26440", "sgg_nm": "강서구", "dong_nm": "가덕도동", "full_nm": "부산광역시 강서구 가덕도동", "label_lon": 128.831112, "label_lat": 35.038753}, "geometry": {"type": "MultiPolygon", "coordinates": [[[[128.83247305545595, 35.0863131507276], [128.8283764260943, 35.089477879444885], [128.82642869611573, 35.0878693930987], [128.82643222931952, 35.08621402148696], [128.8245563339515, 35.085850752708794], [128.8215377015261, 35.08584640500518], [128.82154494191118, 35.084446326015296], [128.81852749290317, 35.083001430939845], [128.81150291211694, 35.08298883099831], [128.80949256161838, 35.08278081783569], [128.80942017623224, 35.081974247467265], [128.83070344561003, 35.080446487298495], [128.83077980982048, 35.07289215565245], [128.8217799251056, 35.07030845281974], [128.8032239906117, 35.065645071549], [128.80561531427782, 35.05977537877952], [128.7988730676862, 35.0574498114908], [128.7979744989265, 35.05940405515366], [128.79598986690166, 35.05890284224201], [128.79681777834804, 35.0540650974687], [128.79692337015447, 35.04979742245495], [128.79746828723452, 35.048714629237296], [128.79954571205099, 35.04750869507303], [128.80480718866568, 35.04759413003725], [128.80584591045707, 35.046994604356165], [128.80614158813097, 35.04621921059316], [128.80598817963005, 35.0457075039669], [128.80614226594838, 35.04495757699825], [128.80691386490923, 35.04384801337138], [128.80747146074427, 35.04334909240339], [128.80894154342332, 35.042976743659835], [128.81081576428875, 35.0415937196002], [128.8120065399028, 35.040160184782664], [128.81243971522514, 35.036602490397286], [128.81179967231228, 35.034649524644855], [128.8111544934422, 35.033609663275925], [128.81074174777925, 35.0333890296102], [128.80796440051878, 35.03394067926123], [128.80759100441452, 35.03372737295773], [128.807460749809, 35.03339261682172], [128.80829749782845, 35.031393590372254], [128.8094174385087, 35.030164772702854], [128.8111150234596, 35.03005529952653], [128.81321053778342, 35.030343881116856], [128.81426484796546, 35.0298567413357], [128.81500308839898, 35.02897027579476], [128.8152265700156, 35.02772941057552], [128.81465807591968, 35.02528498450575], [128.81329656120187, 35.02420575479165], [128.81144501614756, 35.024233390718415], [128.80909032040353, 35.024775989858206], [128.80683100911884, 35.024978793408174], [128.80423524450245, 35.02391780118984], [128.80580859847552, 35.020595660852464], [128.81056621151518, 35.02170898261228], [128.81072721831637, 35.019676568494255], [128.8111181488002, 35.01874032176329], [128.8142019891102, 35.018609697803505], [128.8182002981405, 35.01795781702883], [128.82451914709353, 35.015240964523315], [128.82602998529185, 35.01378032650728], [128.82493390914152, 35.01075179688678], [128.81987009877855, 35.00972820035606], [128.8193390345179, 35.00897490845581], [128.82341154594323, 35.00705298815826], [128.82358721808606, 35.00569700771545], [128.82243723821495, 35.004868431370014], [128.8194492907266, 35.00465948322225], [128.81832180509014, 35.00484553691456], [128.8181423113676, 35.00138028727874], [128.82173028273147, 35.000819022157664], [128.82199383486488, 34.99878507480212], [128.82154879738957, 34.997269229040455], [128.82127573142535, 34.99422830792057], [128.8235341465075, 34.99402526853426], [128.82797254821034, 34.994719804739205], [128.8296139896939, 34.994525924295296], [128.8291594485349, 34.99258734427661], [128.82790114826327, 34.991506694244634], [128.82692317209728, 34.989153061133436], [128.82731002810795, 34.988047656887], [128.8298898777805, 34.98843173707594], [128.8304359415787, 34.989861443555725], [128.83506374414173, 34.99444371426679], [128.8387079793985, 34.99641860524685], [128.83993246357664, 34.99597715836966], [128.84075884728898, 34.996133797725555], [128.84109005336478, 34.99714378162463], [128.83858738800146, 35.00022668936908], [128.83979231419028, 35.00350720235142], [128.8410585468779, 35.00492593223115], [128.8414049255238, 35.00661233914953], [128.84043697307948, 35.00796001860925], [128.83582470536655, 35.0128829567928], [128.83573349674757, 35.01635086390243], [128.8388934028658, 35.01790920788543], [128.8405456500351, 35.02268338622076], [128.84249395356983, 35.02533574566643], [128.84375686335616, 35.02868360663246], [128.84329189087555, 35.029669348021706], [128.8434200521506, 35.030557125288325], [128.84430567896615, 35.031433380406185], [128.84573336417225, 35.032345886963334], [128.8495487195495, 35.03353340994942], [128.84972606113442, 35.034197996818456], [128.8491519205904, 35.03514093710811], [128.8495506657127, 35.03842679432141], [128.85053965813063, 35.03907900149941], [128.85124570069192, 35.0415860298425], [128.85023066330774, 35.0517886767274], [128.8486101120262, 35.05434903272586], [128.84664349557607, 35.056408424723344], [128.84579547761842, 35.059624277482044], [128.8476165613766, 35.061153550465065], [128.8499679369025, 35.06218538913149], [128.8528505684754, 35.06276420003665], [128.85409543154478, 35.06274518774769], [128.85806766152416, 35.063618633375214], [128.85883950493493, 35.06422960818541], [128.85639502811736, 35.06626886101419], [128.855240456303, 35.06788798678244], [128.8552064410466, 35.068778214600414], [128.85494082481705, 35.06900469472565], [128.85321172059943, 35.06916457310733], [128.85028174877036, 35.06889788005783], [128.8493525474753, 35.06851168507652], [128.846973892857, 35.06868135737471], [128.84239094743808, 35.06955176290881], [128.8413974256183, 35.0711238348506], [128.84152166089456, 35.0718337172219], [128.84028040653448, 35.07443268863675], [128.83742433370045, 35.075054284291056], [128.83685322975288, 35.0738664252824], [128.83677524801323, 35.06735092289453], [128.8350670252884, 35.066018401091185], [128.83384042034055, 35.06605752399044], [128.83356955482668, 35.066267428925144], [128.83433362728888, 35.06799505760755], [128.83476246476482, 35.08024503937213], [128.8345174554085, 35.08024346691058], [128.83581901316663, 35.081764707598786], [128.8352219967287, 35.08227350150575], [128.8341604340553, 35.08241449776855], [128.83315700436523, 35.08288777383138], [128.83319140275916, 35.08476360369377], [128.83293429238228, 35.085946337902776], [128.83247305545595, 35.0863131507276]]]]}}, {"type": "Feature", "properties": {"code": "2647061000", "sgg_code": "26470", "sgg_nm": "연제구", "dong_nm": "거제1동", "full_nm": "부산광역시 연제구 거제1동", "label_lon": 129.077758, "label_lat": 35.193809}, "geometry": {"type": "MultiPolygon", "coordinates": [[[[129.08032678260702, 35.19926690530353], [129.07791497787318, 35.199403849158415], [129.0748658514744, 35.19828286012153], [129.0742621369585, 35.19805739598705], [129.0712285541053, 35.19512139594784], [129.06647526159497, 35.194156644633665], [129.06714937386218, 35.1920836878261], [129.0699206721725, 35.19184696588008], [129.07368554589127, 35.189344913781525], [129.07412354125148, 35.188587493565485], [129.07540130352552, 35.188435638681426], [129.07722391729135, 35.18773310568053], [129.0801919694487, 35.19160235541196], [129.08362478841167, 35.192184061474734], [129.08548067931795, 35.191854933278066], [129.08863366863895, 35.191780593745534], [129.09073262297096, 35.19346109780124], [129.08710687173746, 35.194159686120315], [129.0847181341108, 35.19520939987612], [129.08310276803488, 35.19642191780893], [129.08032678260702, 35.19926690530353]]]]}}, {"type": "Feature", "properties": {"code": "2647062000", "sgg_code": "26470", "sgg_nm": "연제구", "dong_nm": "거제2동", "full_nm": "부산광역시 연제구 거제2동", "label_lon": 129.061291, "label_lat": 35.188966}, "geometry": {"type": "MultiPolygon", "coordinates": [[[[129.07412354125148, 35.188587493565485], [129.07368554589127, 35.189344913781525], [129.0699206721725, 35.19184696588008], [129.06714937386218, 35.1920836878261], [129.06647526159497, 35.194156644633665], [129.06420308058964, 35.19370123928072], [129.06461965061138, 35.19224559539907], [129.05988447404104, 35.19130314259164], [129.05576764418285, 35.19237489372974], [129.0530596726225, 35.19207988548005], [129.04768709934498, 35.194205354841635], [129.0470640051009, 35.1929209788593], [129.04697401242035, 35.19185820508527], [129.04823068461795, 35.189585587352575], [129.05096544903554, 35.185797890528434], [129.05203714806433, 35.18477676258272], [129.05396744224095, 35.18432487696533], [129.05664071246315, 35.18446486374092], [129.0612026480533, 35.183892703158996], [129.06918086442454, 35.18544601253956], [129.0706298729745, 35.18552099420783], [129.07412354125148, 35.188587493565485]]]]}}, {"type": "Feature", "properties": {"code": "2647063000", "sgg_code": "26470", "sgg_nm": "연제구", "dong_nm": "거제3동", "full_nm": "부산광역시 연제구 거제3동", "label_lon": 129.07085, "label_lat": 35.181295}, "geometry": {"type": "MultiPolygon", "coordinates": [[[[129.07722391729135, 35.18773310568053], [129.07540130352552, 35.188435638681426], [129.07412354125148, 35.188587493565485], [129.0706298729745, 35.18552099420783], [129.0682518951783, 35.17990744202476], [129.06734108929712, 35.17690107955667], [129.0677775797256, 35.17656549217236], [129.07026728099098, 35.175833357740096], [129.07194289180015, 35.177935657163935], [129.07190730762048, 35.17958722641382], [129.07363542058445, 35.18268268884845], [129.07722391729135, 35.18773310568053]]]]}}, {"type": "Feature", "properties": {"code": "2647064000", "sgg_code": "26470", "sgg_nm": "연제구", "dong_nm": "거제4동", "full_nm": "부산광역시 연제구 거제4동", "label_lon": 129.065299, "label_lat": 35.182073}, "geometry": {"type": "MultiPolygon", "coordinates": [[[[129.0706298729745, 35.18552099420783], [129.06918086442454, 35.18544601253956], [129.0612026480533, 35.183892703158996], [129.061656377898, 35.18025331078587], [129.06202588212034, 35.18004413881789], [129.0627278682078, 35.178697763504694], [129.06296520189372, 35.17748983675622], [129.06734108929712, 35.17690107955667], [129.0682518951783, 35.17990744202476], [129.0706298729745, 35.18552099420783]]]]}}, {"type": "Feature", "properties": {"code": "2647065000", "sgg_code": "26470", "sgg_nm": "연제구", "dong_nm": "연산1동", "full_nm": "부산광역시 연제구 연산1동", "label_lon": 129.088865, "label_lat": 35.188176}, "geometry": {"type": "MultiPolygon", "coordinates": [[[[129.09542694518834, 35.192384307384685], [129.09073262297096, 35.19346109780124], [129.08863366863895, 35.191780593745534], [129.08548067931795, 35.191854933278066], [129.08362478841167, 35.192184061474734], [129.0846189048353, 35.188401668370986], [129.08410196301713, 35.187949913433286], [129.0850431248153, 35.18711938979891], [129.08729342686198, 35.187057012688214], [129.08718408356307, 35.183845664476706], [129.09026597141744, 35.1837635261115], [129.09173841649832, 35.183450719636106], [129.09300375711896, 35.1826936218968], [129.09365992266626, 35.183280358547535], [129.09326171677037, 35.185907986450744], [129.09323413438173, 35.18784306738855], [129.09455346527332, 35.19109583980979], [129.09542694518834, 35.192384307384685]]]]}}, {"type": "Feature", "properties": {"code": "2647066000", "sgg_code": "26470", "sgg_nm": "연제구", "dong_nm": "연산2동", "full_nm": "부산광역시 연제구 연산2동", "label_lon": 129.082367, "label_lat": 35.170519}, "geometry": {"type": "MultiPolygon", "coordinates": [[[[129.08384151988255, 35.18100567606353], [129.07915827039378, 35.18139510832566], [129.0783317261575, 35.181798784240286], [129.07503185727796, 35.17759275872808], [129.07795730420128, 35.17540188762863], [129.08192432748382, 35.171744974445275], [129.08199058285598, 35.17124541577598], [129.08081055997448, 35.167741894365136], [129.07929423261035, 35.16666806021193], [129.07885434069456, 35.16573285715992], [129.07851942589934, 35.162416696134976], [129.08088515843897, 35.15971082201667], [129.0820334198332, 35.15947867215036], [129.08293202922567, 35.16213702385279], [129.0842216107665, 35.164395284996225], [129.0846072143616, 35.165635832469945], [129.08464234520164, 35.16637671177678], [129.08413711637803, 35.167701660212735], [129.082716443187, 35.16979272212966], [129.08461076529454, 35.17486100533171], [129.0865319285803, 35.17461355561501], [129.08443335343688, 35.17965694724847], [129.08384151988255, 35.18100567606353]]]]}}, {"type": "Feature", "properties": {"code": "2647067000", "sgg_code": "26470", "sgg_nm": "연제구", "dong_nm": "연산3동", "full_nm": "부산광역시 연제구 연산3동", "label_lon": 129.090417, "label_lat": 35.166809}, "geometry": {"type": "MultiPolygon", "coordinates": [[[[129.09646211025685, 35.17345509131387], [129.0877268935914, 35.17446773326173], [129.0868373768287, 35.17002465824004], [129.08740351397776, 35.16744987620511], [129.08888835879196, 35.16441861554349], [129.085794144645, 35.16069630576483], [129.0849699185725, 35.160189430613976], [129.08293072250794, 35.15823841213367], [129.08770331183007, 35.16037204398901], [129.0893935190093, 35.160809261946916], [129.09105355869255, 35.16035466650353], [129.09276629017978, 35.16031717781803], [129.09371244843786, 35.160647318247555], [129.09482351648995, 35.16174060161667], [129.0939412111589, 35.16260233422131], [129.09231959764134, 35.16616723541153], [129.09473477164147, 35.168112465844885], [129.09712904173074, 35.17162735002423], [129.09698570000546, 35.17331371698669], [129.09646211025685, 35.17345509131387]]]]}}, {"type": "Feature", "properties": {"code": "2647068000", "sgg_code": "26470", "sgg_nm": "연제구", "dong_nm": "연산4동", "full_nm": "부산광역시 연제구 연산4동", "label_lon": 129.084645, "label_lat": 35.185451}, "geometry": {"type": "MultiPolygon", "coordinates": [[[[129.09300375711896, 35.1826936218968], [129.09173841649832, 35.183450719636106], [129.09026597141744, 35.1837635261115], [129.08718408356307, 35.183845664476706], [129.08729342686198, 35.187057012688214], [129.0850431248153, 35.18711938979891], [129.08410196301713, 35.187949913433286], [129.0846189048353, 35.188401668370986], [129.08362478841167, 35.192184061474734], [129.0801919694487, 35.19160235541196], [129.08137343084826, 35.187137664857865], [129.08384151988255, 35.18100567606353], [129.08443335343688, 35.17965694724847], [129.08505850763723, 35.17983908474313], [129.08833996452006, 35.179840828553175], [129.09031584037794, 35.17950152658845], [129.09344825587166, 35.17954225411932], [129.09599541210562, 35.1801881600702], [129.09300375711896, 35.1826936218968]]]]}}, {"type": "Feature", "properties": {"code": "2647069000", "sgg_code": "26470", "sgg_nm": "연제구", "dong_nm": "연산5동", "full_nm": "부산광역시 연제구 연산5동", "label_lon": 129.078744, "label_lat": 35.18491}, "geometry": {"type": "MultiPolygon", "coordinates": [[[[129.08384151988255, 35.18100567606353], [129.08137343084826, 35.187137664857865], [129.0801919694487, 35.19160235541196], [129.07722391729135, 35.18773310568053], [129.07363542058445, 35.18268268884845], [129.07190730762048, 35.17958722641382], [129.07503185727796, 35.17759275872808], [129.0783317261575, 35.181798784240286], [129.07915827039378, 35.18139510832566], [129.08384151988255, 35.18100567606353]]]]}}, {"type": "Feature", "properties": {"code": "2647070000", "sgg_code": "26470", "sgg_nm": "연제구", "dong_nm": "연산6동", "full_nm": "부산광역시 연제구 연산6동", "label_lon": 129.085273, "label_lat": 35.168747}, "geometry": {"type": "MultiPolygon", "coordinates": [[[[129.097422891174, 35.17952126940156], [129.09599541210562, 35.1801881600702], [129.09344825587166, 35.17954225411932], [129.09031584037794, 35.17950152658845], [129.08833996452006, 35.179840828553175], [129.08505850763723, 35.17983908474313], [129.08443335343688, 35.17965694724847], [129.0865319285803, 35.17461355561501], [129.08461076529454, 35.17486100533171], [129.082716443187, 35.16979272212966], [129.08413711637803, 35.167701660212735], [129.08464234520164, 35.16637671177678], [129.0846072143616, 35.165635832469945], [129.0842216107665, 35.164395284996225], [129.08293202922567, 35.16213702385279], [129.0820334198332, 35.15947867215036], [129.08293072250794, 35.15823841213367], [129.0849699185725, 35.160189430613976], [129.085794144645, 35.16069630576483], [129.08888835879196, 35.16441861554349], [129.08740351397776, 35.16744987620511], [129.0868373768287, 35.17002465824004], [129.0877268935914, 35.17446773326173], [129.09646211025685, 35.17345509131387], [129.0966757636728, 35.175109412585904], [129.09648095992867, 35.17736305140442], [129.097422891174, 35.17952126940156]]]]}}, {"type": "Feature", "properties": {"code": "2647072000", "sgg_code": "26470", "sgg_nm": "연제구", "dong_nm": "연산8동", "full_nm": "부산광역시 연제구 연산8동", "label_lon": 129.097649, "label_lat": 35.1868}, "geometry": {"type": "MultiPolygon", "coordinates": [[[[129.09941441250413, 35.19174614609152], [129.09542694518834, 35.192384307384685], [129.09455346527332, 35.19109583980979], [129.09323413438173, 35.18784306738855], [129.09326171677037, 35.185907986450744], [129.09365992266626, 35.183280358547535], [129.09300375711896, 35.1826936218968], [129.09599541210562, 35.1801881600702], [129.097422891174, 35.17952126940156], [129.0972103539757, 35.18030670559057], [129.09803019740642, 35.181944685183], [129.10033043787632, 35.18416113351139], [129.10265014179038, 35.18772132628719], [129.10120546859034, 35.18769179934146], [129.09941441250413, 35.19174614609152]]]]}}, {"type": "Feature", "properties": {"code": "2647073000", "sgg_code": "26470", "sgg_nm": "연제구", "dong_nm": "연산9동", "full_nm": "부산광역시 연제구 연산9동", "label_lon": 129.107211, "label_lat": 35.183612}, "geometry": {"type": "MultiPolygon", "coordinates": [[[[129.10062010109428, 35.19143783502169], [129.09941441250413, 35.19174614609152], [129.10120546859034, 35.18769179934146], [129.10265014179038, 35.18772132628719], [129.10033043787632, 35.18416113351139], [129.09803019740642, 35.181944685183], [129.0972103539757, 35.18030670559057], [129.097422891174, 35.17952126940156], [129.10357239514533, 35.180874581791834], [129.10708469186264, 35.17966361776896], [129.10718169002797, 35.17810970782351], [129.10794527160155, 35.17722632455684], [129.10957140145263, 35.1762301635199], [129.11110408065224, 35.17594003614379], [129.1123025738428, 35.17717498420808], [129.11414681645283, 35.18069685685386], [129.11515612736235, 35.18318347003634], [129.11416468109334, 35.18404103216912], [129.11240573054803, 35.1862657275411], [129.11216186385352, 35.18715153029446], [129.11051622168225, 35.18964437792335], [129.10838087354938, 35.19041339155272], [129.1023705514548, 35.190985270951636], [129.10062010109428, 35.19143783502169]]]]}}, {"type": "Feature", "properties": {"code": "2650066000", "sgg_code": "26500", "sgg_nm": "수영구", "dong_nm": "남천1동", "full_nm": "부산광역시 수영구 남천1동", "label_lon": 129.106915, "label_lat": 35.143581}, "geometry": {"type": "MultiPolygon", "coordinates": [[[[129.11346492085391, 35.14894354284781], [129.11119160846889, 35.1505762915511], [129.10807289437383, 35.14989506115638], [129.1016414105136, 35.150693546686554], [129.10334244447125, 35.14576404338582], [129.10341169818932, 35.144359311918144], [129.10231680476866, 35.1428026922264], [129.1048844310384, 35.14020888216203], [129.11134071192728, 35.135676201146374], [129.11181015089383, 35.135477062726224], [129.1184371353254, 35.136547359106956], [129.11971288707988, 35.136936013186194], [129.12098324072193, 35.13772493745789], [129.1307458582595, 35.14771373119066], [129.1303239315999, 35.147985067951566], [129.1207525835756, 35.13818147440849], [129.11998286513546, 35.13765895881031], [129.11842056766713, 35.137056056527406], [129.11199066268026, 35.13637543325397], [129.11430412470793, 35.138590132471975], [129.11457141969717, 35.13838862038422], [129.11445576150095, 35.13813116392998], [129.11402602889032, 35.13753025037882], [129.11361272229686, 35.137564293204036], [129.11417371645706, 35.137339779493345], [129.11560909953937, 35.13954519940607], [129.1123787049753, 35.13890252396368], [129.11185853026896, 35.13898634053123], [129.11084935967855, 35.14220967562046], [129.11115891654958, 35.14583159196943], [129.11346492085391, 35.14894354284781]]]]}}, {"type": "Feature", "properties": {"code": "2650067000", "sgg_code": "26500", "sgg_nm": "수영구", "dong_nm": "남천2동", "full_nm": "부산광역시 수영구 남천2동", "label_lon": 129.114381, "label_lat": 35.144021}, "geometry": {"type": "MultiPolygon", "coordinates": [[[[129.1151366034389, 35.14798729734683], [129.11346492085391, 35.14894354284781], [129.11115891654958, 35.14583159196943], [129.11084935967855, 35.14220967562046], [129.11185853026896, 35.13898634053123], [129.1123787049753, 35.13890252396368], [129.11560909953937, 35.13954519940607], [129.11624377842827, 35.13946527319288], [129.1177438963802, 35.13984403690082], [129.11776580643354, 35.14598165730247], [129.11555095394763, 35.14618902642126], [129.11511113800668, 35.14710194073346], [129.1151366034389, 35.14798729734683]]]]}}, {"type": "Feature", "properties": {"code": "2650073000", "sgg_code": "26500", "sgg_nm": "수영구", "dong_nm": "수영동", "full_nm": "부산광역시 수영구 수영동", "label_lon": 129.117838, "label_lat": 35.169784}, "geometry": {"type": "MultiPolygon", "coordinates": [[[[129.12249905533562, 35.1730217184355], [129.1169823309021, 35.17323680354806], [129.11093355014117, 35.174375290068824], [129.10954236528508, 35.171609261380134], [129.10956790933218, 35.17114753185072], [129.11479924951962, 35.167713281077326], [129.1159657876642, 35.16761529946499], [129.11884873223775, 35.16851660052181], [129.12019768806982, 35.16833591998344], [129.12133280573795, 35.16768735026571], [129.12326191605783, 35.16607547231006], [129.12520188498485, 35.16551312023955], [129.1265833212837, 35.16602617330569], [129.12317120085623, 35.171051876632454], [129.12249905533562, 35.1730217184355]]]]}}, {"type": "Feature", "properties": {"code": "2650074000", "sgg_code": "26500", "sgg_nm": "수영구", "dong_nm": "망미1동", "full_nm": "부산광역시 수영구 망미1동", "label_lon": 129.101286, "label_lat": 35.17059}, "geometry": {"type": "MultiPolygon", "coordinates": [[[[129.10718169002797, 35.17810970782351], [129.10708469186264, 35.17966361776896], [129.10357239514533, 35.180874581791834], [129.097422891174, 35.17952126940156], [129.09648095992867, 35.17736305140442], [129.0966757636728, 35.175109412585904], [129.09646211025685, 35.17345509131387], [129.09698570000546, 35.17331371698669], [129.09712904173074, 35.17162735002423], [129.09473477164147, 35.168112465844885], [129.09231959764134, 35.16616723541153], [129.0939412111589, 35.16260233422131], [129.09482351648995, 35.16174060161667], [129.09657953629343, 35.163004567407256], [129.09945482584553, 35.162256489138684], [129.10208056095613, 35.16263948594193], [129.1033081160477, 35.16368829977948], [129.10403491043365, 35.16563030624909], [129.10396037062986, 35.165947034489136], [129.1036019063004, 35.16683407480923], [129.10519697902436, 35.16958487107807], [129.10727691128076, 35.17178147076608], [129.10923899008637, 35.171595519798664], [129.10756047553676, 35.17491688358544], [129.10718169002797, 35.17810970782351]]]]}}, {"type": "Feature", "properties": {"code": "2650075000", "sgg_code": "26500", "sgg_nm": "수영구", "dong_nm": "망미2동", "full_nm": "부산광역시 수영구 망미2동", "label_lon": 129.116281, "label_lat": 35.179599}, "geometry": {"type": "MultiPolygon", "coordinates": [[[[129.1210579320327, 35.174647138562634], [129.119258917037, 35.17675110664881], [129.119261930982, 35.178500453951436], [129.1184497281304, 35.18178225401597], [129.11551643510097, 35.18783048750806], [129.11515612736235, 35.18318347003634], [129.11414681645283, 35.18069685685386], [129.1123025738428, 35.17717498420808], [129.11110408065224, 35.17594003614379], [129.10957140145263, 35.1762301635199], [129.10794527160155, 35.17722632455684], [129.10718169002797, 35.17810970782351], [129.10756047553676, 35.17491688358544], [129.10923899008637, 35.171595519798664], [129.10954236528508, 35.171609261380134], [129.11093355014117, 35.174375290068824], [129.1169823309021, 35.17323680354806], [129.12249905533562, 35.1730217184355], [129.1210579320327, 35.174647138562634]]]]}}, {"type": "Feature", "properties": {"code": "2650076000", "sgg_code": "26500", "sgg_nm": "수영구", "dong_nm": "광안1동", "full_nm": "부산광역시 수영구 광안1동", "label_lon": 129.11019, "label_lat": 35.162448}, "geometry": {"type": "MultiPolygon", "coordinates": [[[[129.11876169090536, 35.16484660445958], [129.11815800346807, 35.16469708492309], [129.11455472505048, 35.16522155571302], [129.11260103696796, 35.16645184988936], [129.11122852113414, 35.16572549500176], [129.10999601480034, 35.16635686659689], [129.108954044313, 35.166585803288626], [129.1085871332696, 35.16578571434252], [129.1082672927568, 35.16570560382014], [129.10396037062986, 35.165947034489136], [129.10403491043365, 35.16563030624909], [129.1033081160477, 35.16368829977948], [129.10208056095613, 35.16263948594193], [129.09945482584553, 35.162256489138684], [129.09657953629343, 35.163004567407256], [129.09482351648995, 35.16174060161667], [129.09600445559306, 35.15986666530275], [129.10045731770828, 35.16100941142695], [129.10520784148326, 35.16104661853039], [129.10814454934564, 35.16066459888727], [129.10799321445086, 35.15980199741992], [129.10857270546973, 35.159504091450046], [129.11041121280624, 35.15924467468088], [129.1105907505278, 35.16060783903481], [129.11272521842506, 35.16064982534379], [129.1137001872318, 35.160361916126476], [129.11353704465273, 35.159753793667825], [129.1209556814752, 35.158654699141934], [129.11876169090536, 35.16484660445958]]]]}}, {"type": "Feature", "properties": {"code": "2650077000", "sgg_code": "26500", "sgg_nm": "수영구", "dong_nm": "광안2동", "full_nm": "부산광역시 수영구 광안2동", "label_lon": 129.115949, "label_lat": 35.153704}, "geometry": {"type": "MultiPolygon", "coordinates": [[[[129.1209556814752, 35.158654699141934], [129.11353704465273, 35.159753793667825], [129.11272974709823, 35.155966840521984], [129.11119160846889, 35.1505762915511], [129.11346492085391, 35.14894354284781], [129.1151366034389, 35.14798729734683], [129.11590419569734, 35.14968952477852], [129.11758697612603, 35.15199711816953], [129.1193040775196, 35.153427716271295], [129.12032509747948, 35.15398041923434], [129.11810730503174, 35.15496554224136], [129.1209556814752, 35.158654699141934]]]]}}, {"type": "Feature", "properties": {"code": "2650078000", "sgg_code": "26500", "sgg_nm": "수영구", "dong_nm": "광안3동", "full_nm": "부산광역시 수영구 광안3동", "label_lon": 129.109309, "label_lat": 35.168025}, "geometry": {"type": "MultiPolygon", "coordinates": [[[[129.10923899008637, 35.171595519798664], [129.10727691128076, 35.17178147076608], [129.10519697902436, 35.16958487107807], [129.1036019063004, 35.16683407480923], [129.10396037062986, 35.165947034489136], [129.1082672927568, 35.16570560382014], [129.1085871332696, 35.16578571434252], [129.108954044313, 35.166585803288626], [129.10999601480034, 35.16635686659689], [129.11122852113414, 35.16572549500176], [129.11260103696796, 35.16645184988936], [129.11455472505048, 35.16522155571302], [129.11815800346807, 35.16469708492309], [129.11876169090536, 35.16484660445958], [129.117877206619, 35.16745427048447], [129.12019768806982, 35.16833591998344], [129.11884873223775, 35.16851660052181], [129.1159657876642, 35.16761529946499], [129.11479924951962, 35.167713281077326], [129.10956790933218, 35.17114753185072], [129.10954236528508, 35.171609261380134], [129.10923899008637, 35.171595519798664]]]]}}, {"type": "Feature", "properties": {"code": "2650079000", "sgg_code": "26500", "sgg_nm": "수영구", "dong_nm": "광안4동", "full_nm": "부산광역시 수영구 광안4동", "label_lon": 129.10536, "label_lat": 35.155654}, "geometry": {"type": "MultiPolygon", "coordinates": [[[[129.11353704465273, 35.159753793667825], [129.1137001872318, 35.160361916126476], [129.11272521842506, 35.16064982534379], [129.1105907505278, 35.16060783903481], [129.11041121280624, 35.15924467468088], [129.10857270546973, 35.159504091450046], [129.10799321445086, 35.15980199741992], [129.10814454934564, 35.16066459888727], [129.10520784148326, 35.16104661853039], [129.10045731770828, 35.16100941142695], [129.09600445559306, 35.15986666530275], [129.0982340519225, 35.155340560923136], [129.1016414105136, 35.150693546686554], [129.10807289437383, 35.14989506115638], [129.11119160846889, 35.1505762915511], [129.11272974709823, 35.155966840521984], [129.11353704465273, 35.159753793667825]]]]}}, {"type": "Feature", "properties": {"code": "2650080000", "sgg_code": "26500", "sgg_nm": "수영구", "dong_nm": "민락동", "full_nm": "부산광역시 수영구 민락동", "label_lon": 129.12639, "label_lat": 35.159894}, "geometry": {"type": "MultiPolygon", "coordinates": [[[[129.1265833212837, 35.16602617330569], [129.12520188498485, 35.16551312023955], [129.12326191605783, 35.16607547231006], [129.12133280573795, 35.16768735026571], [129.12019768806982, 35.16833591998344], [129.117877206619, 35.16745427048447], [129.11876169090536, 35.16484660445958], [129.1209556814752, 35.158654699141934], [129.11810730503174, 35.15496554224136], [129.12032509747948, 35.15398041923434], [129.1215463760548, 35.15445924157447], [129.12374165824045, 35.15449742126597], [129.1245258099203, 35.15233418027719], [129.1273999513482, 35.152454447098044], [129.1343682592253, 35.15470749908686], [129.1352802403618, 35.15566208849128], [129.1352124329799, 35.15664143586604], [129.13113928599338, 35.16113262127219], [129.13245262337935, 35.161707657975136], [129.13095017811176, 35.16328892553498], [129.1265833212837, 35.16602617330569]]]]}}, {"type": "Feature", "properties": {"code": "2653058000", "sgg_code": "26530", "sgg_nm": "사상구", "dong_nm": "삼락동", "full_nm": "부산광역시 사상구 삼락동", "label_lon": 128.971812, "label_lat": 35.171073}, "geometry": {"type": "MultiPolygon", "coordinates": [[[[128.987946053341, 35.1959047485512], [128.98818504717465, 35.19723851758359], [128.9866827003981, 35.196032872243855], [128.98206600494177, 35.19649959467478], [128.97247674429147, 35.19068033313128], [128.9655239786972, 35.186458450186386], [128.96201475096996, 35.18198125339427], [128.96264699361532, 35.17290279850197], [128.96242092421272, 35.16348948775276], [128.9595287363413, 35.14923637325415], [128.9608201678533, 35.142543253130384], [128.96475671964134, 35.14415095707877], [128.96650997503406, 35.14420880399885], [128.9675238313069, 35.14557270174508], [128.96891030700456, 35.15000926212958], [128.9694039350411, 35.153083372769004], [128.97216783719065, 35.158241168152706], [128.9732463523452, 35.159607702453165], [128.97487462391928, 35.16053089228272], [128.9760387279199, 35.164716930089156], [128.97667617298785, 35.169620869987476], [128.97855995690495, 35.1694827083493], [128.98038495521823, 35.16859905972245], [128.9813958212554, 35.17252456830069], [128.9802650721034, 35.17345141876804], [128.98012313919037, 35.17553638983681], [128.9816545158265, 35.1820419857255], [128.98357067525185, 35.19051440974631], [128.9860795371933, 35.1930189853058], [128.98754566432936, 35.19374044981525], [128.987946053341, 35.1959047485512]]]]}}, {"type": "Feature", "properties": {"code": "2653059100", "sgg_code": "26530", "sgg_nm": "사상구", "dong_nm": "모라1동", "full_nm": "부산광역시 사상구 모라1동", "label_lon": 128.989878, "label_lat": 35.187756}, "geometry": {"type": "MultiPolygon", "coordinates": [[[[129.00060713934948, 35.19166289835499], [128.9982073183999, 35.19230153181104], [128.99547822703062, 35.19385724280257], [128.9949559413762, 35.19479260661552], [128.99391935025963, 35.195261479659656], [128.99111562695626, 35.19382240168314], [128.987946053341, 35.1959047485512], [128.98754566432936, 35.19374044981525], [128.9860795371933, 35.1930189853058], [128.98357067525185, 35.19051440974631], [128.9816545158265, 35.1820419857255], [128.98799172456708, 35.18076963120727], [128.9912992163086, 35.181359675592404], [128.99297079743354, 35.18269496677803], [128.99434033013475, 35.18499741433571], [128.99946629598546, 35.190725910845586], [129.00060713934948, 35.19166289835499]]]]}}, {"type": "Feature", "properties": {"code": "2653059300", "sgg_code": "26530", "sgg_nm": "사상구", "dong_nm": "모라3동", "full_nm": "부산광역시 사상구 모라3동", "label_lon": 129.007667, "label_lat": 35.18334}, "geometry": {"type": "MultiPolygon", "coordinates": [[[[129.02114382379534, 35.187751167562425], [129.02052441674155, 35.187588286399965], [129.01937893982827, 35.18777817432737], [129.01708405392418, 35.18859615901285], [129.01599056537117, 35.18930747563812], [129.00911453560806, 35.18881452704495], [129.0082600286448, 35.189007483327195], [129.00720712199106, 35.190451863483986], [129.00769630669944, 35.19249831429592], [129.00171348937323, 35.19280614737444], [129.00060713934948, 35.19166289835499], [128.99946629598546, 35.190725910845586], [128.99434033013475, 35.18499741433571], [128.99297079743354, 35.18269496677803], [128.9912992163086, 35.181359675592404], [128.99283083959375, 35.18031894932057], [128.99557005860385, 35.1800535051246], [128.99680224495742, 35.179368765762014], [128.9988635781134, 35.17746476342413], [128.99857527013222, 35.17596668288276], [129.00914105203458, 35.17476269894972], [129.01017323862936, 35.17360665196828], [129.01138299083289, 35.17411431954438], [129.01593643185618, 35.177702793388725], [129.01668311085024, 35.178586152091114], [129.017860201483, 35.17932587505381], [129.01952145131978, 35.179856428792796], [129.0199556130652, 35.17930594705569], [129.02149994647763, 35.17831970499822], [129.0225151278537, 35.17911186863452], [129.0235620302322, 35.18074137166615], [129.0238044237239, 35.183040099717886], [129.02221055823685, 35.183164335366435], [129.02174892241595, 35.18351552150814], [129.02114382379534, 35.187751167562425]]]]}}, {"type": "Feature", "properties": {"code": "2653060000", "sgg_code": "26530", "sgg_nm": "사상구", "dong_nm": "덕포1동", "full_nm": "부산광역시 사상구 덕포1동", "label_lon": 128.98747, "label_lat": 35.169434}, "geometry": {"type": "MultiPolygon", "coordinates": [[[[128.99521067001345, 35.17184848053807], [128.9943927089538, 35.171256951461096], [128.98969935904879, 35.17091972696396], [128.98796008093285, 35.1719418688493], [128.9813958212554, 35.17252456830069], [128.98038495521823, 35.16859905972245], [128.9834850294221, 35.16730207882323], [128.9897967458749, 35.16713155982582], [128.9923656062372, 35.16795101674894], [128.9935099360592, 35.168583332119596], [128.9951530602746, 35.17026869218276], [128.99521067001345, 35.17184848053807]]]]}}, {"type": "Feature", "properties": {"code": "2653061000", "sgg_code": "26530", "sgg_nm": "사상구", "dong_nm": "덕포2동", "full_nm": "부산광역시 사상구 덕포2동", "label_lon": 128.98956, "label_lat": 35.176716}, "geometry": {"type": "MultiPolygon", "coordinates": [[[[128.9912992163086, 35.181359675592404], [128.98799172456708, 35.18076963120727], [128.9816545158265, 35.1820419857255], [128.98012313919037, 35.17553638983681], [128.9802650721034, 35.17345141876804], [128.9813958212554, 35.17252456830069], [128.98796008093285, 35.1719418688493], [128.98969935904879, 35.17091972696396], [128.9943927089538, 35.171256951461096], [128.99521067001345, 35.17184848053807], [128.99857527013222, 35.17596668288276], [128.9988635781134, 35.17746476342413], [128.99680224495742, 35.179368765762014], [128.99557005860385, 35.1800535051246], [128.99283083959375, 35.18031894932057], [128.9912992163086, 35.181359675592404]]]]}}, {"type": "Feature", "properties": {"code": "2653062000", "sgg_code": "26530", "sgg_nm": "사상구", "dong_nm": "괘법동", "full_nm": "부산광역시 사상구 괘법동", "label_lon": 128.992149, "label_lat": 35.166772}, "geometry": {"type": "MultiPolygon", "coordinates": [[[[129.01017323862936, 35.17360665196828], [129.00914105203458, 35.17476269894972], [128.99857527013222, 35.17596668288276], [128.99521067001345, 35.17184848053807], [128.9951530602746, 35.17026869218276], [128.9935099360592, 35.168583332119596], [128.9923656062372, 35.16795101674894], [128.9897967458749, 35.16713155982582], [128.9834850294221, 35.16730207882323], [128.98038495521823, 35.16859905972245], [128.97855995690495, 35.1694827083493], [128.97667617298785, 35.169620869987476], [128.9760387279199, 35.164716930089156], [128.97487462391928, 35.16053089228272], [128.9760041901947, 35.16034445147689], [128.97569453854499, 35.1591720266049], [128.98575367187345, 35.157075546870495], [128.98605673010834, 35.158082926772465], [128.98657798204735, 35.158669047641546], [128.9882608933496, 35.159548394385894], [128.98969503674428, 35.159334791350425], [128.99011854248008, 35.158830267589146], [128.99058549534604, 35.15893358544236], [128.99344535181422, 35.16140641274099], [128.9940849927733, 35.1631870751533], [128.99527464600547, 35.16324176119825], [128.99644479862417, 35.16212774278869], [128.9996950616755, 35.161873680044955], [129.00027066080747, 35.16210706492471], [129.0030431411089, 35.16132960412429], [129.0049198876385, 35.163088648266275], [129.00586222020198, 35.16446525957821], [129.0060847666168, 35.16524816871466], [129.00682839944042, 35.16595502613974], [129.0077815516543, 35.1664115054632], [129.01009003820303, 35.17035940934349], [129.01017323862936, 35.17360665196828]]]]}}, {"type": "Feature", "properties": {"code": "2653065000", "sgg_code": "26530", "sgg_nm": "사상구", "dong_nm": "주례1동", "full_nm": "부산광역시 사상구 주례1동", "label_lon": 128.999913, "label_lat": 35.156372}, "geometry": {"type": "MultiPolygon", "coordinates": [[[[129.00603933181196, 35.15079801405787], [129.00543660617217, 35.15177771630336], [129.00512493261797, 35.155659085947995], [129.00676841854894, 35.16125896787784], [129.0079697066562, 35.163506255798374], [129.00779609514632, 35.16375723370612], [129.00586222020198, 35.16446525957821], [129.0049198876385, 35.163088648266275], [129.0030431411089, 35.16132960412429], [129.00027066080747, 35.16210706492471], [128.9996950616755, 35.161873680044955], [128.99907483098556, 35.16044123019732], [128.99770348005111, 35.158566106026086], [128.9961115946945, 35.15741615869803], [128.99503160958517, 35.15708522971251], [128.99290412277517, 35.154278497441304], [128.99174310780145, 35.14965269293894], [128.9976650899972, 35.150015304536474], [129.00603933181196, 35.15079801405787]]]]}}, {"type": "Feature", "properties": {"code": "2653066000", "sgg_code": "26530", "sgg_nm": "사상구", "dong_nm": "주례2동", "full_nm": "부산광역시 사상구 주례2동", "label_lon": 129.010777, "label_lat": 35.154235}, "geometry": {"type": "MultiPolygon", "coordinates": [[[[129.01284353539765, 35.16567416154622], [129.01169902395307, 35.1673751990749], [129.01170244925513, 35.16880581176889], [129.01009003820303, 35.17035940934349], [129.0077815516543, 35.1664115054632], [129.00682839944042, 35.16595502613974], [129.0060847666168, 35.16524816871466], [129.00586222020198, 35.16446525957821], [129.00779609514632, 35.16375723370612], [129.0079697066562, 35.163506255798374], [129.00676841854894, 35.16125896787784], [129.00512493261797, 35.155659085947995], [129.00543660617217, 35.15177771630336], [129.00603933181196, 35.15079801405787], [129.00731720350282, 35.14960560672472], [129.0079124245638, 35.14588136399269], [129.00677097159155, 35.145704573171976], [129.0063503001426, 35.14447881301776], [129.00624645487252, 35.1427943909579], [129.00657510711716, 35.13939482809143], [129.01132236660203, 35.13818912292582], [129.01229207423216, 35.13830332870011], [129.01309770220325, 35.138716019297384], [129.01614903457846, 35.142240310374774], [129.01622865871443, 35.14336974045498], [129.01578027469205, 35.14382460006368], [129.01567789151815, 35.14692635804637], [129.01619424245249, 35.148249576671134], [129.01667393801887, 35.15281118273201], [129.01594406761035, 35.15571202634452], [129.01522085159675, 35.15666168272065], [129.0106414375882, 35.160154222405225], [129.01102514991956, 35.162724140046876], [129.01284353539765, 35.16567416154622]]]]}}, {"type": "Feature", "properties": {"code": "2653066100", "sgg_code": "26530", "sgg_nm": "사상구", "dong_nm": "주례3동", "full_nm": "부산광역시 사상구 주례3동", "label_lon": 129.000328, "label_lat": 35.145211}, "geometry": {"type": "MultiPolygon", "coordinates": [[[[129.00657510711716, 35.13939482809143], [129.00624645487252, 35.1427943909579], [129.0063503001426, 35.14447881301776], [129.00677097159155, 35.145704573171976], [129.0079124245638, 35.14588136399269], [129.00731720350282, 35.14960560672472], [129.00603933181196, 35.15079801405787], [128.9976650899972, 35.150015304536474], [128.9974578990259, 35.14797682346233], [128.99408106042313, 35.14615313893583], [128.99404191276463, 35.14471735199878], [128.99529701097455, 35.14059478079071], [128.99637617976435, 35.14048918441698], [128.9983686187805, 35.140766003231896], [129.00269062077305, 35.14059658604128], [129.00451760683498, 35.1395132926308], [129.00657510711716, 35.13939482809143]]]]}}, {"type": "Feature", "properties": {"code": "2653067000", "sgg_code": "26530", "sgg_nm": "사상구", "dong_nm": "학장동", "full_nm": "부산광역시 사상구 학장동", "label_lon": 128.988074, "label_lat": 35.137072}, "geometry": {"type": "MultiPolygon", "coordinates": [[[[128.99174310780145, 35.14965269293894], [128.98941320289003, 35.149466285246625], [128.97774630306674, 35.151484395423566], [128.97623421716182, 35.151546909773444], [128.9753619089704, 35.14308452506144], [128.9746179125816, 35.14142676362473], [128.97319580597787, 35.139465617371954], [128.97252968698024, 35.13779821075652], [128.9721748061723, 35.13385181682151], [128.97290666477215, 35.133473598914335], [128.97420326733348, 35.135383045245824], [128.97517660707754, 35.136261263948036], [128.9758932124494, 35.13634487488505], [128.9770703922148, 35.13577367016217], [128.9784434164663, 35.134498522567085], [128.98151650690394, 35.13279513122687], [128.98417349414436, 35.13230812593239], [128.98728023274063, 35.129029591119455], [128.98795433834135, 35.126872901807644], [128.98768908147932, 35.12492769978295], [128.9902410767688, 35.12358687791466], [128.99494670743795, 35.123148503061884], [128.99796856024992, 35.12254815787114], [128.9984364338778, 35.124674673858074], [128.99960902451832, 35.12585049850773], [129.00160075083318, 35.12650059096157], [129.0022473982334, 35.12742898655021], [129.0029509525376, 35.13492983407354], [129.00451760683498, 35.1395132926308], [129.00269062077305, 35.14059658604128], [128.9983686187805, 35.140766003231896], [128.99637617976435, 35.14048918441698], [128.99529701097455, 35.14059478079071], [128.99404191276463, 35.14471735199878], [128.99408106042313, 35.14615313893583], [128.9974578990259, 35.14797682346233], [128.9976650899972, 35.150015304536474], [128.99174310780145, 35.14965269293894]]]]}}, {"type": "Feature", "properties": {"code": "2653068000", "sgg_code": "26530", "sgg_nm": "사상구", "dong_nm": "엄궁동", "full_nm": "부산광역시 사상구 엄궁동", "label_lon": 128.972418, "label_lat": 35.127089}, "geometry": {"type": "MultiPolygon", "coordinates": [[[[128.97290666477215, 35.133473598914335], [128.97196011198756, 35.13183240384857], [128.9701993772116, 35.13033249343878], [128.9689025901242, 35.13108388607106], [128.96815145096227, 35.131894095688025], [128.9675673515783, 35.13286425168382], [128.96696250089582, 35.13510837243552], [128.96452743041854, 35.13725343353803], [128.96057356257216, 35.13718103650128], [128.95687902012088, 35.12730608973392], [128.9582558418523, 35.123086602851465], [128.95990797566617, 35.12027791220839], [128.9615002451909, 35.119911661728935], [128.96314635016054, 35.12015636125776], [128.96371102885962, 35.12172427155547], [128.9688955643479, 35.120917048736004], [128.97495174862385, 35.117607814489915], [128.97579120004255, 35.11692565838509], [128.97982418517978, 35.1167540714929], [128.98152764638243, 35.118107061820275], [128.9818915032444, 35.11936390892188], [128.98673530902727, 35.12313275534385], [128.98735689785522, 35.12389853747528], [128.98768908147932, 35.12492769978295], [128.98795433834135, 35.126872901807644], [128.98728023274063, 35.129029591119455], [128.98417349414436, 35.13230812593239], [128.98151650690394, 35.13279513122687], [128.9784434164663, 35.134498522567085], [128.9770703922148, 35.13577367016217], [128.9758932124494, 35.13634487488505], [128.97517660707754, 35.136261263948036], [128.97420326733348, 35.135383045245824], [128.97290666477215, 35.133473598914335]]]]}}, {"type": "Feature", "properties": {"code": "2653064500", "sgg_code": "26530", "sgg_nm": "사상구", "dong_nm": "감전동", "full_nm": "부산광역시 사상구 감전동", "label_lon": 128.971976, "label_lat": 35.147519}, "geometry": {"type": "MultiPolygon", "coordinates": [[[[128.9996950616755, 35.161873680044955], [128.99644479862417, 35.16212774278869], [128.99527464600547, 35.16324176119825], [128.9940849927733, 35.1631870751533], [128.99344535181422, 35.16140641274099], [128.99058549534604, 35.15893358544236], [128.99011854248008, 35.158830267589146], [128.98969503674428, 35.159334791350425], [128.9882608933496, 35.159548394385894], [128.98657798204735, 35.158669047641546], [128.98605673010834, 35.158082926772465], [128.98575367187345, 35.157075546870495], [128.97569453854499, 35.1591720266049], [128.9760041901947, 35.16034445147689], [128.97487462391928, 35.16053089228272], [128.9732463523452, 35.159607702453165], [128.97216783719065, 35.158241168152706], [128.9694039350411, 35.153083372769004], [128.96891030700456, 35.15000926212958], [128.9675238313069, 35.14557270174508], [128.96650997503406, 35.14420880399885], [128.96475671964134, 35.14415095707877], [128.9608201678533, 35.142543253130384], [128.9614188668208, 35.13943999888083], [128.96057356257216, 35.13718103650128], [128.96452743041854, 35.13725343353803], [128.96696250089582, 35.13510837243552], [128.9675673515783, 35.13286425168382], [128.96815145096227, 35.131894095688025], [128.9689025901242, 35.13108388607106], [128.9701993772116, 35.13033249343878], [128.97196011198756, 35.13183240384857], [128.97290666477215, 35.133473598914335], [128.9721748061723, 35.13385181682151], [128.97252968698024, 35.13779821075652], [128.97319580597787, 35.139465617371954], [128.9746179125816, 35.14142676362473], [128.9753619089704, 35.14308452506144], [128.97623421716182, 35.151546909773444], [128.97774630306674, 35.151484395423566], [128.98941320289003, 35.149466285246625], [128.99174310780145, 35.14965269293894], [128.99290412277517, 35.154278497441304], [128.99503160958517, 35.15708522971251], [128.9961115946945, 35.15741615869803], [128.99770348005111, 35.158566106026086], [128.99907483098556, 35.16044123019732], [128.9996950616755, 35.161873680044955]]]]}}, {"type": "Feature", "properties": {"code": "2671025000", "sgg_code": "26710", "sgg_nm": "기장군", "dong_nm": "기장읍", "full_nm": "부산광역시 기장군 기장읍", "label_lon": 129.210752, "label_lat": 35.224623}, "geometry": {"type": "MultiPolygon", "coordinates": [[[[129.25290880641748, 35.25225085624959], [129.24681632541157, 35.2540071797451], [129.2458186116446, 35.253700996046746], [129.24203892639187, 35.25448741976247], [129.24065266852836, 35.25556000179847], [129.2351046356291, 35.256198256038196], [129.23414640796187, 35.25533255418571], [129.2314088327924, 35.253616730639735], [129.22976534483237, 35.254208301611826], [129.2286843022244, 35.254175725507054], [129.22730145403477, 35.25188470691008], [129.2256608628277, 35.25149467692815], [129.22007321705416, 35.25489704748013], [129.21985792261964, 35.25553623596323], [129.22008974547003, 35.256769417035194], [129.21981635844344, 35.257505611625554], [129.21531501938242, 35.2591291776465], [129.212172514551, 35.25952080807475], [129.21012796557676, 35.260283515937374], [129.20860759714887, 35.26199077231075], [129.20699125883016, 35.2646758388695], [129.2073723615293, 35.26652755020997], [129.2069221161966, 35.268621498586455], [129.20658984108152, 35.26916649424934], [129.19900082552914, 35.268791923703795], [129.1959766657214, 35.26757787122199], [129.1948574559571, 35.26522354618306], [129.19309269177867, 35.26462368157126], [129.19169388639304, 35.265379242860526], [129.18978718856232, 35.26396779469643], [129.1886234434767, 35.261118140641386], [129.18660250868942, 35.254830725285025], [129.18668873724977, 35.25199674860185], [129.18702347382902, 35.251021548373885], [129.1879528021816, 35.250256370376526], [129.19005794895637, 35.249266296650575], [129.1914171697449, 35.24782637679901], [129.19359385780297, 35.24212753852374], [129.1934273080121, 35.24168167212954], [129.19179548145846, 35.2402367692586], [129.19049537296755, 35.23779963515811], [129.18909255858128, 35.23112397841373], [129.1875168236779, 35.22901896395588], [129.18485002132883, 35.227268026429556], [129.18285205672115, 35.22689113329435], [129.18141058480427, 35.22574341565073], [129.17884627370768, 35.22350169666249], [129.17497592215892, 35.21946741921829], [129.17087191597838, 35.21860309873411], [129.16784038653623, 35.21930923449656], [129.16610325576477, 35.21910824853392], [129.1662144143843, 35.21846920908729], [129.16474023869512, 35.214936315012125], [129.16203139313677, 35.21256264896425], [129.16045481295413, 35.21183722750348], [129.15975925916305, 35.20969256606286], [129.16026027283183, 35.20629311485381], [129.1629818543271, 35.20597220737831], [129.16425470000857, 35.2048478062906], [129.16504002215248, 35.20311132372167], [129.16936951017513, 35.200984167907514], [129.17008484326774, 35.2009633932532], [129.17139558972835, 35.201872699379116], [129.1724720972387, 35.20202302077535], [129.1747419738532, 35.20095266091776], [129.1796338664037, 35.197900141902345], [129.18262012826793, 35.19798385738416], [129.18564304115662, 35.195486684932334], [129.1833225600009, 35.19072035829853], [129.1837791328208, 35.189719930277654], [129.1881888766853, 35.18933556689751], [129.18904466404177, 35.18995761388205], [129.19081052450375, 35.19291493859557], [129.19351988964092, 35.195069859231694], [129.19385862770395, 35.19810861708671], [129.1946963944294, 35.19896085328916], [129.19687434366918, 35.20032305102213], [129.19838813643153, 35.200834159026975], [129.1994508641014, 35.20068735078913], [129.20666744753996, 35.19705395610579], [129.20744897908023, 35.19455919636432], [129.20631738263685, 35.19127882044517], [129.20689238417373, 35.185870877075324], [129.20792222656215, 35.181944959030275], [129.21032569439066, 35.18252225537633], [129.21082883448267, 35.18244933205326], [129.2108469565905, 35.18168396837589], [129.21233907310534, 35.18082794991317], [129.2128068196733, 35.18088314949448], [129.21390979669724, 35.184305653951235], [129.21393052928497, 35.18507030059377], [129.21343084203988, 35.185270690461344], [129.21336266847138, 35.185622588865954], [129.21467019152536, 35.18655496649767], [129.217772822997, 35.18633882817605], [129.2181231090551, 35.18492985587415], [129.2189152873854, 35.18405469120328], [129.21933468323587, 35.183760122166355], [129.22026328395893, 35.18361559249503], [129.2247504041364, 35.185732738234194], [129.22503788584214, 35.18630123406033], [129.22381723034465, 35.18998942498937], [129.22573360027178, 35.19186680950439], [129.2273106452157, 35.19269847114456], [129.23015233418576, 35.19572537761114], [129.23182536108044, 35.20147183985178], [129.23006077843533, 35.20426539757562], [129.2332332279117, 35.21447461013801], [129.2307335042802, 35.219248887083346], [129.22852620537046, 35.2193326787483], [129.2284587450895, 35.2207144442862], [129.2305396156465, 35.221634667941345], [129.23123359376578, 35.2206778755276], [129.23584348219362, 35.2194997981376], [129.23892287575103, 35.22052141768926], [129.24234194474556, 35.226239074302185], [129.24210153657867, 35.227063214425776], [129.2410747002677, 35.22798819516371], [129.24168042504817, 35.228969232858965], [129.24545697683118, 35.23045233409942], [129.24573893360193, 35.23113734836924], [129.24544635326487, 35.233886470573616], [129.24510790752163, 35.23497127743591], [129.2457446471245, 35.23707338814666], [129.24681553846068, 35.2377437682431], [129.2485604303096, 35.23995471165689], [129.24803184362912, 35.24177645865111], [129.248284861805, 35.24331056908489], [129.25185314205436, 35.244624398626655], [129.25337576324543, 35.24666823722878], [129.25335886393606, 35.25017481443241], [129.25290880641748, 35.25225085624959]]]]}}, {"type": "Feature", "properties": {"code": "2671025300", "sgg_code": "26710", "sgg_nm": "기장군", "dong_nm": "장안읍", "full_nm": "부산광역시 기장군 장안읍", "label_lon": 129.244318, "label_lat": 35.349221}, "geometry": {"type": "MultiPolygon", "coordinates": [[[[129.26295449610078, 35.31515880664624], [129.26527656158805, 35.31910848413057], [129.26886961018303, 35.3215567386632], [129.27121926130476, 35.322749820958585], [129.27400347410006, 35.32327485218398], [129.27756806973872, 35.324692382010845], [129.27713474958745, 35.325401612673964], [129.28185130949086, 35.326591128579196], [129.2844638494272, 35.326376844224626], [129.28474248588822, 35.32373223499026], [129.2873028984523, 35.32347766501337], [129.2879502101082, 35.323217985694626], [129.28769084456485, 35.32116093406101], [129.28651013730413, 35.320358483090736], [129.28684850140604, 35.31985720649832], [129.288675718037, 35.3185854631096], [129.28967060537943, 35.31815424049439], [129.29064537668606, 35.318795616147725], [129.29903916620975, 35.31826517729175], [129.30181624655165, 35.320315552366914], [129.30265183212205, 35.321371878147374], [129.30241071319728, 35.32174760359344], [129.30042099596926, 35.32261025497123], [129.30229451177811, 35.32830683671521], [129.3035866852017, 35.329478153666905], [129.3045309283998, 35.32951391038803], [129.30336082386629, 35.33166504327292], [129.30087518247925, 35.33424367115649], [129.29983893225096, 35.33495302674761], [129.297704848088, 35.33553116371195], [129.29317930497774, 35.33594681619926], [129.29206012488774, 35.336537539993564], [129.2911766425999, 35.33778640028564], [129.290891493882, 35.33865667186572], [129.28936231055442, 35.34014424680471], [129.28660067752443, 35.33997396547664], [129.2854979915518, 35.339204617883816], [129.28245825722604, 35.33979986290561], [129.2798561764195, 35.34151435380756], [129.28028832797824, 35.34203540368145], [129.2818811308656, 35.342975396729614], [129.283767706476, 35.34567863307003], [129.28456249504035, 35.35075587089275], [129.28447656478127, 35.352270059450795], [129.28345841552445, 35.35344409572167], [129.28243841201513, 35.35390594230149], [129.28057117776203, 35.35610662663765], [129.28098594219477, 35.36047767101272], [129.28350875658538, 35.36271420228059], [129.28318077509877, 35.365225130019454], [129.27971044445923, 35.36578301657527], [129.2785637021301, 35.36788257120271], [129.27671199554348, 35.37240123489039], [129.2715828676475, 35.377845045492215], [129.26961134703194, 35.37935662643115], [129.26826914763018, 35.379906149134506], [129.26732087434084, 35.381449462055066], [129.2667655991652, 35.38336223190009], [129.26527076472655, 35.38647176283808], [129.25994679161138, 35.38464046966929], [129.25663110099802, 35.384789973531234], [129.25612031240473, 35.38485075914699], [129.25508512168534, 35.38552753250199], [129.25456523097125, 35.386015004142976], [129.254514532656, 35.38647588615317], [129.25200357605692, 35.38721497510539], [129.2509073016447, 35.38679911262726], [129.25079059455962, 35.3861508433363], [129.2511959790786, 35.38572335541012], [129.25094668120528, 35.38455126689973], [129.25039156148497, 35.38375884545871], [129.24920193352534, 35.38348822969169], [129.24735996356802, 35.38473782192817], [129.241643078168, 35.3856979395993], [129.23669419295197, 35.382265142869905], [129.23617319425344, 35.380923537468576], [129.23563579756603, 35.380307717934315], [129.23369256734074, 35.380603662405534], [129.2311959140502, 35.381614901407445], [129.22408130733706, 35.380054160476924], [129.22267108895582, 35.379407415893716], [129.21772140923156, 35.37867306903836], [129.2087084758063, 35.38117127544707], [129.2033959549884, 35.385153719966716], [129.20287457373115, 35.387983865034386], [129.2005262441342, 35.388665963546075], [129.1945080609123, 35.38374859783469], [129.19372060594884, 35.38204601664023], [129.19452457499438, 35.380389574583006], [129.19581986084575, 35.37982193179194], [129.1987545580571, 35.37695402950778], [129.19936106641444, 35.375753478348905], [129.20196338879495, 35.374928913566656], [129.20479042517897, 35.37078176490496], [129.20615539519326, 35.36706558125678], [129.2062699199564, 35.36571968456227], [129.20591402240257, 35.36506118907012], [129.206124377758, 35.364032354384605], [129.20719758981807, 35.36175919105249], [129.20839341148792, 35.35999162144336], [129.20836624962888, 35.35671131269273], [129.20643138325104, 35.35233402830792], [129.20327013967636, 35.34768632259202], [129.20257489122335, 35.345430111169776], [129.2033627233576, 35.34029900742734], [129.21074713079798, 35.33611412660164], [129.2108167230087, 35.333903702782614], [129.21386004034665, 35.33083124218362], [129.21570670087453, 35.3308507019542], [129.21868326032777, 35.329594191062405], [129.22021846825717, 35.32875077271331], [129.22088256445312, 35.32811368073723], [129.22759842289187, 35.32661308305107], [129.22976183054084, 35.32553273012805], [129.23186680617, 35.32143351756335], [129.2337461849296, 35.321620519671924], [129.2340543659921, 35.321333232448325], [129.23385498450418, 35.3202285353374], [129.2333115018422, 35.319194156822505], [129.23238286858833, 35.31869183228087], [129.23101139059852, 35.318912422528825], [129.2300684787686, 35.31971707363651], [129.22938019734784, 35.31853936974746], [129.2301354317594, 35.317440719680974], [129.23233577836285, 35.31585654771537], [129.23388886615385, 35.315654378079806], [129.23539546014817, 35.315145879763996], [129.23781108658847, 35.31385072344601], [129.23971284651694, 35.310302144715145], [129.2432365729687, 35.30766519478325], [129.25294373867268, 35.308691748357084], [129.2532319616407, 35.31117924886811], [129.25439635397262, 35.31309211158647], [129.25621594988957, 35.312445973344445], [129.25893739730103, 35.31289350401357], [129.26119738723497, 35.31557808278225], [129.26295449610078, 35.31515880664624]]]]}}, {"type": "Feature", "properties": {"code": "2671025600", "sgg_code": "26710", "sgg_nm": "기장군", "dong_nm": "정관읍", "full_nm": "부산광역시 기장군 정관읍", "label_lon": 129.173252, "label_lat": 35.339237}, "geometry": {"type": "MultiPolygon", "coordinates": [[[[129.2300684787686, 35.31971707363651], [129.23101139059852, 35.318912422528825], [129.23238286858833, 35.31869183228087], [129.2333115018422, 35.319194156822505], [129.23385498450418, 35.3202285353374], [129.2340543659921, 35.321333232448325], [129.2337461849296, 35.321620519671924], [129.23186680617, 35.32143351756335], [129.22976183054084, 35.32553273012805], [129.22759842289187, 35.32661308305107], [129.22088256445312, 35.32811368073723], [129.22021846825717, 35.32875077271331], [129.21868326032777, 35.329594191062405], [129.21570670087453, 35.3308507019542], [129.21386004034665, 35.33083124218362], [129.2108167230087, 35.333903702782614], [129.21074713079798, 35.33611412660164], [129.2033627233576, 35.34029900742734], [129.20257489122335, 35.345430111169776], [129.20327013967636, 35.34768632259202], [129.20643138325104, 35.35233402830792], [129.20836624962888, 35.35671131269273], [129.20839341148792, 35.35999162144336], [129.20719758981807, 35.36175919105249], [129.206124377758, 35.364032354384605], [129.20591402240257, 35.36506118907012], [129.2062699199564, 35.36571968456227], [129.20615539519326, 35.36706558125678], [129.20479042517897, 35.37078176490496], [129.20196338879495, 35.374928913566656], [129.19936106641444, 35.375753478348905], [129.19809249227688, 35.36921553472803], [129.19381505929962, 35.36186937949106], [129.19358066827675, 35.361005268039904], [129.19231755935115, 35.36020731329515], [129.19035765768228, 35.35948687448637], [129.18947875859308, 35.35976167094222], [129.18558363506247, 35.358174568043474], [129.182278768853, 35.355180185220064], [129.18209432364202, 35.354326148537496], [129.18162821210694, 35.35365088061756], [129.1784005853783, 35.35159952857024], [129.17714130365513, 35.35129427993064], [129.17453350862533, 35.35146553499884], [129.16745889906628, 35.35405784840856], [129.16255296880328, 35.356364200393614], [129.1621627033034, 35.3568763219406], [129.1623925114315, 35.35804822071152], [129.16178733109066, 35.358784137752956], [129.1572530695011, 35.359003627990006], [129.15415347891644, 35.36080563063193], [129.15373987417425, 35.361849222107814], [129.15308899095132, 35.36254045364098], [129.14987598922698, 35.36384081685269], [129.14836291938568, 35.36416552611346], [129.14634788909308, 35.36388468971426], [129.14141914497264, 35.36494660986696], [129.13850643374843, 35.3660814782531], [129.13406590671633, 35.36552200128969], [129.13140274084756, 35.365647648850725], [129.13058923361965, 35.36429814923641], [129.1302768443661, 35.36195157463071], [129.12956356985066, 35.35916489150047], [129.13195701874554, 35.35716189705289], [129.13471015502867, 35.35306295888204], [129.13459525845872, 35.35149270820512], [129.13326725520682, 35.350001630249764], [129.13102759633406, 35.349402576480166], [129.12942193295825, 35.34851695232737], [129.12725319868005, 35.34539307311481], [129.1272707899206, 35.345044049822675], [129.12823595784576, 35.34379705435984], [129.12932412155652, 35.343965896849014], [129.13186431589602, 35.34380946499829], [129.13258128684237, 35.3436549728827], [129.13369281209992, 35.34294006528765], [129.1351074673686, 35.3431416314015], [129.14029298662942, 35.34067373733601], [129.1419885912228, 35.338174772408735], [129.1426902175573, 35.33773298465691], [129.1467127340363, 35.336266298389866], [129.1473386661379, 35.33626713033683], [129.14898321207653, 35.337359192073706], [129.15122785627824, 35.33617792335262], [129.1524977881151, 35.33023820214011], [129.15261503721817, 35.32597306222197], [129.15204060731645, 35.32474369941725], [129.15209506029723, 35.322486069658325], [129.1532592056548, 35.32103283687123], [129.1540790343973, 35.320760481605376], [129.1547180193315, 35.31757028044902], [129.1533888910926, 35.31358167973505], [129.1533906854786, 35.31052671628454], [129.15374174240105, 35.30953256720427], [129.15429167548325, 35.30899234868016], [129.1552079075191, 35.30858847178148], [129.15697464917335, 35.308764509105984], [129.160053486823, 35.31034833289593], [129.16219943051956, 35.312386738117915], [129.1626548935912, 35.31250909845744], [129.16367919443405, 35.31169307259981], [129.16365537186059, 35.311046776001746], [129.16452084642475, 35.307810036697994], [129.16481694685748, 35.307569856340514], [129.16947203785955, 35.30746202157926], [129.1745856863025, 35.30448923688402], [129.175114190606, 35.304378139639624], [129.17765598772877, 35.30432063986168], [129.18027520019518, 35.30520748520192], [129.18440806916556, 35.30720049849831], [129.19196386621468, 35.309478670033705], [129.19487521010024, 35.31007677076114], [129.19640246353342, 35.310087765012845], [129.19718649132054, 35.30970170977667], [129.20139313413767, 35.30914511494355], [129.2102936580573, 35.30872770333107], [129.21313073201296, 35.31075938912394], [129.21590299856763, 35.31425552420984], [129.21737644607822, 35.315672380129335], [129.21888538601436, 35.315837331801106], [129.2201775267491, 35.31533776620393], [129.22101423408483, 35.314549896238134], [129.22244398396322, 35.31411944295031], [129.2233592202545, 35.31410093199226], [129.2257447144116, 35.31485252759399], [129.22756288583037, 35.315642761491034], [129.22775945130226, 35.31667209139884], [129.22928567527848, 35.32010265442236], [129.2298051833616, 35.32017933857666], [129.2300684787686, 35.31971707363651]]]]}}, {"type": "Feature", "properties": {"code": "2671025900", "sgg_code": "26710", "sgg_nm": "기장군", "dong_nm": "일광읍", "full_nm": "부산광역시 기장군 일광읍", "label_lon": 129.221772, "label_lat": 35.284718}, "geometry": {"type": "MultiPolygon", "coordinates": [[[[129.2300684787686, 35.31971707363651], [129.2298051833616, 35.32017933857666], [129.22928567527848, 35.32010265442236], [129.22775945130226, 35.31667209139884], [129.22756288583037, 35.315642761491034], [129.2257447144116, 35.31485252759399], [129.2233592202545, 35.31410093199226], [129.22244398396322, 35.31411944295031], [129.22101423408483, 35.314549896238134], [129.2201775267491, 35.31533776620393], [129.21888538601436, 35.315837331801106], [129.21737644607822, 35.315672380129335], [129.21590299856763, 35.31425552420984], [129.21313073201296, 35.31075938912394], [129.2102936580573, 35.30872770333107], [129.20139313413767, 35.30914511494355], [129.19718649132054, 35.30970170977667], [129.19640246353342, 35.310087765012845], [129.19487521010024, 35.31007677076114], [129.19196386621468, 35.309478670033705], [129.18440806916556, 35.30720049849831], [129.18027520019518, 35.30520748520192], [129.1795941141016, 35.304164907880086], [129.1796515212667, 35.303630825036265], [129.181334030637, 35.301909664336925], [129.18269859882378, 35.299996042863626], [129.1830365315561, 35.29913556998787], [129.182145108903, 35.29646886530584], [129.18022606856746, 35.294335215375746], [129.17956153298, 35.29127586440078], [129.1818666218974, 35.28617525987103], [129.1869039716454, 35.28326060362672], [129.18768571888882, 35.28295911145247], [129.18935342828814, 35.28293096101892], [129.19235835720224, 35.281537268989155], [129.19420086718878, 35.28031532447875], [129.19470756775618, 35.278419517888125], [129.19415983610745, 35.27410859359732], [129.1935998135255, 35.27325254585143], [129.19093880576256, 35.27143927156947], [129.19290589580822, 35.269159157059434], [129.19526492325286, 35.268564017060186], [129.1959766657214, 35.26757787122199], [129.19900082552914, 35.268791923703795], [129.20658984108152, 35.26916649424934], [129.2069221161966, 35.268621498586455], [129.2073723615293, 35.26652755020997], [129.20699125883016, 35.2646758388695], [129.20860759714887, 35.26199077231075], [129.21012796557676, 35.260283515937374], [129.212172514551, 35.25952080807475], [129.21531501938242, 35.2591291776465], [129.21981635844344, 35.257505611625554], [129.22008974547003, 35.256769417035194], [129.21985792261964, 35.25553623596323], [129.22007321705416, 35.25489704748013], [129.2256608628277, 35.25149467692815], [129.22730145403477, 35.25188470691008], [129.2286843022244, 35.254175725507054], [129.22976534483237, 35.254208301611826], [129.2314088327924, 35.253616730639735], [129.23414640796187, 35.25533255418571], [129.2351046356291, 35.256198256038196], [129.24065266852836, 35.25556000179847], [129.24203892639187, 35.25448741976247], [129.2458186116446, 35.253700996046746], [129.24681632541157, 35.2540071797451], [129.25290880641748, 35.25225085624959], [129.25202426085662, 35.255216097575286], [129.2521419964377, 35.25593550583784], [129.25356104741624, 35.25655050189779], [129.2535677008816, 35.256790904818644], [129.25263428468577, 35.25958774569401], [129.2519668852276, 35.26021484476957], [129.24784404847935, 35.25964383766041], [129.24420659082318, 35.26022535916653], [129.24212835807532, 35.259355203114715], [129.23950154096718, 35.257506316628664], [129.23634986409678, 35.257912035665385], [129.23544980330215, 35.25838300025871], [129.23449775104808, 35.25933597711529], [129.23395436167215, 35.26092282580708], [129.23409245511652, 35.26239017756238], [129.23480914406383, 35.26355287025857], [129.2361217448025, 35.26472688263638], [129.24167669483884, 35.26499713462494], [129.24288105771697, 35.264511069388526], [129.24276272162504, 35.263787433234604], [129.2430999495172, 35.26363641431184], [129.2437145184345, 35.26460643022826], [129.24424241219822, 35.26638097172942], [129.24452260053792, 35.267856788650484], [129.24380648057831, 35.26952235181062], [129.2440609819999, 35.270855891326065], [129.24466969979184, 35.271611871590345], [129.24580223553707, 35.27241164814645], [129.24650306845552, 35.2725592315576], [129.25033978699176, 35.27167649321137], [129.25101643855191, 35.27134271731099], [129.25125833795332, 35.270642341688344], [129.25290604275267, 35.271173727395855], [129.2554721896837, 35.274203915430256], [129.2558661347657, 35.27545452936355], [129.2553608760819, 35.27607955730518], [129.2557355148967, 35.278989968400616], [129.25658283888268, 35.280098302001925], [129.25753924261423, 35.28042840506961], [129.25880653663472, 35.28019063986813], [129.2601643839901, 35.280861179295435], [129.26047307465416, 35.28139070495385], [129.26028288492404, 35.282741155837826], [129.25753026312086, 35.28758269237369], [129.25787685595392, 35.28802387211705], [129.26030900354343, 35.289411507253945], [129.26135585882778, 35.29057738025125], [129.26186273947522, 35.29371323266501], [129.26374044657584, 35.296059368603245], [129.26413076745183, 35.298842548770175], [129.26387781107258, 35.299211430025245], [129.26326444568824, 35.29908231937517], [129.26213098086535, 35.29764113912545], [129.26140328947906, 35.29750258851639], [129.2606046161535, 35.29899115510065], [129.25855106785292, 35.30593959802304], [129.26139412544342, 35.30954296402618], [129.2617626474179, 35.30939103645163], [129.26216080135978, 35.31037443082862], [129.26295449610078, 35.31515880664624], [129.26119738723497, 35.31557808278225], [129.25893739730103, 35.31289350401357], [129.25621594988957, 35.312445973344445], [129.25439635397262, 35.31309211158647], [129.2532319616407, 35.31117924886811], [129.25294373867268, 35.308691748357084], [129.2432365729687, 35.30766519478325], [129.23971284651694, 35.310302144715145], [129.23781108658847, 35.31385072344601], [129.23539546014817, 35.315145879763996], [129.23388886615385, 35.315654378079806], [129.23233577836285, 35.31585654771537], [129.2301354317594, 35.317440719680974], [129.22938019734784, 35.31853936974746], [129.2300684787686, 35.31971707363651]]]]}}, {"type": "Feature", "properties": {"code": "2671033000", "sgg_code": "26710", "sgg_nm": "기장군", "dong_nm": "철마면", "full_nm": "부산광역시 기장군 철마면", "label_lon": 129.158838, "label_lat": 35.280972}, "geometry": {"type": "MultiPolygon", "coordinates": [[[[129.18027520019518, 35.30520748520192], [129.17765598772877, 35.30432063986168], [129.175114190606, 35.304378139639624], [129.1745856863025, 35.30448923688402], [129.16947203785955, 35.30746202157926], [129.16481694685748, 35.307569856340514], [129.16452084642475, 35.307810036697994], [129.16365537186059, 35.311046776001746], [129.16367919443405, 35.31169307259981], [129.1626548935912, 35.31250909845744], [129.16219943051956, 35.312386738117915], [129.160053486823, 35.31034833289593], [129.15697464917335, 35.308764509105984], [129.1552079075191, 35.30858847178148], [129.15429167548325, 35.30899234868016], [129.15374174240105, 35.30953256720427], [129.1533906854786, 35.31052671628454], [129.1533888910926, 35.31358167973505], [129.1547180193315, 35.31757028044902], [129.1540790343973, 35.320760481605376], [129.1532592056548, 35.32103283687123], [129.15209506029723, 35.322486069658325], [129.15204060731645, 35.32474369941725], [129.15261503721817, 35.32597306222197], [129.1524977881151, 35.33023820214011], [129.15122785627824, 35.33617792335262], [129.14898321207653, 35.337359192073706], [129.1473386661379, 35.33626713033683], [129.1467127340363, 35.336266298389866], [129.1426902175573, 35.33773298465691], [129.1419885912228, 35.338174772408735], [129.14029298662942, 35.34067373733601], [129.1351074673686, 35.3431416314015], [129.13369281209992, 35.34294006528765], [129.13258128684237, 35.3436549728827], [129.13186431589602, 35.34380946499829], [129.12932412155652, 35.343965896849014], [129.12823595784576, 35.34379705435984], [129.12822382137688, 35.3430418650461], [129.12640272529484, 35.34191506801158], [129.12604157271775, 35.34132511561375], [129.12507840236034, 35.33668141975011], [129.1250503849573, 35.33613567226821], [129.12621344579614, 35.33373229820285], [129.1259959011558, 35.33221770413539], [129.12467065518163, 35.33073395154139], [129.12131887108447, 35.32939516987525], [129.12087486299632, 35.32891818019736], [129.1198994633415, 35.32653784360797], [129.11933292847897, 35.32382274749584], [129.11847606676884, 35.32246347291058], [129.11330955232535, 35.31949516260384], [129.1124689747195, 35.31783310726383], [129.1120806307746, 35.316152545760936], [129.11164595207669, 35.308769606804574], [129.11097579776109, 35.30661032919354], [129.11042351016636, 35.305969197083336], [129.1089184004478, 35.305068397078145], [129.11601776526172, 35.30218221244042], [129.12083475858412, 35.30193077171007], [129.1221996117302, 35.30150225345867], [129.1296640671979, 35.29800227229718], [129.1298754556232, 35.297588464235744], [129.12982913025536, 35.29033234100405], [129.1274491191427, 35.28572407279125], [129.12640585268923, 35.282999800521075], [129.12392570269233, 35.28040703340495], [129.12419620349647, 35.279476649868904], [129.12513646646565, 35.27840624844063], [129.12542570172567, 35.27672189588661], [129.12439252090897, 35.273322244739305], [129.12201561317232, 35.270832802578305], [129.12137055456571, 35.2695878031311], [129.1193757241296, 35.2621990470576], [129.12008273243816, 35.26031155040715], [129.1224637721463, 35.26153233707611], [129.1260057101869, 35.2619048939383], [129.1290427766355, 35.26076022933828], [129.13020504703502, 35.26005010839832], [129.13642782163583, 35.25942826708823], [129.13940459689405, 35.26035272353695], [129.1408600692582, 35.26017905792926], [129.14112584754795, 35.259433376603134], [129.14000945199842, 35.25715684534395], [129.13923516551816, 35.25415543112416], [129.14428701915543, 35.25072721185762], [129.14558001009738, 35.25023030815782], [129.1468404501671, 35.24939928671586], [129.14811870309077, 35.247270347106166], [129.1499596651317, 35.24761368700551], [129.15496231726954, 35.24505499361861], [129.15569070203927, 35.24327102192388], [129.15513091694905, 35.237010450810004], [129.15794728542687, 35.23534553754519], [129.16163548896114, 35.23393790292121], [129.16734760118234, 35.229677721426185], [129.16913404474604, 35.22786464839967], [129.16951380195485, 35.226088760509214], [129.1688695594756, 35.22466018364225], [129.16795838549018, 35.22375637542642], [129.16640185179898, 35.22083683167936], [129.16610325576477, 35.21910824853392], [129.16784038653623, 35.21930923449656], [129.17087191597838, 35.21860309873411], [129.17497592215892, 35.21946741921829], [129.17884627370768, 35.22350169666249], [129.18141058480427, 35.22574341565073], [129.18285205672115, 35.22689113329435], [129.18485002132883, 35.227268026429556], [129.1875168236779, 35.22901896395588], [129.18909255858128, 35.23112397841373], [129.19049537296755, 35.23779963515811], [129.19179548145846, 35.2402367692586], [129.1934273080121, 35.24168167212954], [129.19359385780297, 35.24212753852374], [129.1914171697449, 35.24782637679901], [129.19005794895637, 35.249266296650575], [129.1879528021816, 35.250256370376526], [129.18702347382902, 35.251021548373885], [129.18668873724977, 35.25199674860185], [129.18660250868942, 35.254830725285025], [129.1886234434767, 35.261118140641386], [129.18978718856232, 35.26396779469643], [129.19169388639304, 35.265379242860526], [129.19309269177867, 35.26462368157126], [129.1948574559571, 35.26522354618306], [129.1959766657214, 35.26757787122199], [129.19526492325286, 35.268564017060186], [129.19290589580822, 35.269159157059434], [129.19093880576256, 35.27143927156947], [129.1935998135255, 35.27325254585143], [129.19415983610745, 35.27410859359732], [129.19470756775618, 35.278419517888125], [129.19420086718878, 35.28031532447875], [129.19235835720224, 35.281537268989155], [129.18935342828814, 35.28293096101892], [129.18768571888882, 35.28295911145247], [129.1869039716454, 35.28326060362672], [129.1818666218974, 35.28617525987103], [129.17956153298, 35.29127586440078], [129.18022606856746, 35.294335215375746], [129.182145108903, 35.29646886530584], [129.1830365315561, 35.29913556998787], [129.18269859882378, 35.299996042863626], [129.181334030637, 35.301909664336925], [129.1796515212667, 35.303630825036265], [129.1795941141016, 35.304164907880086], [129.18027520019518, 35.30520748520192]]]]}}, {"type": "Feature", "properties": {"code": "2635052500", "sgg_code": "26350", "sgg_nm": "해운대구", "dong_nm": "우3동", "full_nm": "부산광역시 해운대구 우3동", "label_lon": 129.145636, "label_lat": 35.158162}, "geometry": {"type": "MultiPolygon", "coordinates": [[[[129.1527871550036, 35.15735199105733], [129.1513207681789, 35.15897238021228], [129.14464268412286, 35.162856874484824], [129.1431882870304, 35.16370762134615], [129.14278744973348, 35.16371058852333], [129.14048067058016, 35.16199466717087], [129.1391683704694, 35.162797939810424], [129.13788361768852, 35.16319936745333], [129.1369289547248, 35.163188184987945], [129.13408161895987, 35.162168352300576], [129.1357397370835, 35.161233329483956], [129.14044939922914, 35.15707469529646], [129.1414050708729, 35.155059500294925], [129.14230157127926, 35.154452042343266], [129.1463709897158, 35.153367692520185], [129.14725995761694, 35.15369374796643], [129.14766653995738, 35.15576371645938], [129.14838817780628, 35.15642139774996], [129.1527871550036, 35.15735199105733]]]]}}, {"type": "Feature", "properties": {"code": "2623077000", "sgg_code": "26230", "sgg_nm": "부산진구", "dong_nm": "범천1동", "full_nm": "부산광역시 부산진구 범천1동", "label_lon": 129.060208, "label_lat": 35.145872}, "geometry": {"type": "MultiPolygon", "coordinates": [[[[129.0633341325516, 35.14869346032267], [129.06238441539764, 35.15060948487617], [129.05700864775724, 35.15054706480639], [129.05724629568783, 35.14885084944268], [129.05726691852584, 35.142027059676465], [129.0589289667993, 35.14149126488113], [129.06448312933315, 35.141392386501934], [129.06319730675162, 35.143558435524035], [129.06312487819224, 35.14818479649963], [129.0633341325516, 35.14869346032267]]]]}}, {"type": "Feature", "properties": {"code": "2623078000", "sgg_code": "26230", "sgg_nm": "부산진구", "dong_nm": "범천2동", "full_nm": "부산광역시 부산진구 범천2동", "label_lon": 129.04861, "label_lat": 35.147816}, "geometry": {"type": "MultiPolygon", "coordinates": [[[[129.05059000704333, 35.15700899673491], [129.04941263478068, 35.157313380833166], [129.04593987093224, 35.15665577868322], [129.04612707354207, 35.15414931602217], [129.04574365066742, 35.15301098169255], [129.041001349266, 35.14958034160083], [129.04066774699146, 35.14839029267534], [129.03927531516754, 35.14724256312965], [129.03872475285303, 35.14619972521129], [129.03828540104763, 35.14451976375617], [129.03844684899755, 35.142055777583664], [129.03739092998867, 35.139408562001435], [129.03892744027934, 35.14094327189362], [129.03936863126353, 35.142582764130054], [129.0390617013693, 35.14354255017697], [129.03940153148486, 35.144480031225214], [129.04089357733665, 35.14606350182833], [129.04162326583617, 35.146192593302644], [129.0452237803764, 35.145999578147745], [129.04631209110994, 35.14560638503994], [129.05084673457657, 35.14335069263142], [129.0516612984889, 35.14235895885646], [129.0520636062622, 35.1421890164321], [129.0548523468793, 35.14191472436361], [129.05726691852584, 35.142027059676465], [129.05724629568783, 35.14885084944268], [129.05700864775724, 35.15054706480639], [129.0549126554299, 35.15173310395606], [129.0526245277886, 35.153850769132184], [129.0498524981035, 35.15526250717726], [129.05059000704333, 35.15700899673491]]]]}}, {"type": "Feature", "properties": {"code": "2644054500", "sgg_code": "26440", "sgg_nm": "강서구", "dong_nm": "명지2동", "full_nm": "부산광역시 강서구 명지2동", "label_lon": 128.903761, "label_lat": 35.083141}, "geometry": {"type": "MultiPolygon", "coordinates": [[[[128.89627259836442, 35.08899668198007], [128.89537282596655, 35.08681985284577], [128.89532140440446, 35.07914157447694], [128.91217533550352, 35.079463032252136], [128.9121729069662, 35.089365281474244], [128.89627259836442, 35.08899668198007]]]]}}, {"type": "Feature", "properties": {"code": "2641061000", "sgg_code": "26410", "sgg_nm": "금정구", "dong_nm": "장전2동", "full_nm": "부산광역시 금정구 장전2동", "label_lon": 129.074506, "label_lat": 35.230555}, "geometry": {"type": "MultiPolygon", "coordinates": [[[[129.08940702333845, 35.23108691761605], [129.08293181649933, 35.234285015372464], [129.08171072346857, 35.23697340793895], [129.07765309429163, 35.23837283607046], [129.07680057010492, 35.23834486757075], [129.0755954230529, 35.236664183269944], [129.06610372829113, 35.23941107941666], [129.06367305961942, 35.23906135343774], [129.06227886946562, 35.238357766722444], [129.0594909179065, 35.233364740302086], [129.05932862486978, 35.232638572198404], [129.05971076477323, 35.23002343231531], [129.0603264187478, 35.22924371277671], [129.06057262199613, 35.228470491248515], [129.0599741280662, 35.22678923393857], [129.06019953793606, 35.226222523215064], [129.0622247605961, 35.22682713936157], [129.06611254399343, 35.22687280304722], [129.06648893588255, 35.22648170128206], [129.06653147811932, 35.225297039415], [129.0688204752838, 35.22508350726712], [129.0715536002567, 35.22627084401822], [129.07749712487663, 35.22635084303024], [129.0806954070333, 35.223831458925645], [129.08191635633665, 35.22450954152047], [129.08508609182022, 35.22193056951878], [129.08726030886325, 35.221656807349376], [129.0877990960281, 35.22222004004897], [129.08915943179457, 35.2265129182508], [129.08940702333845, 35.23108691761605]]]]}}, {"type": "Feature", "properties": {"code": "2644056000", "sgg_code": "26440", "sgg_nm": "강서구", "dong_nm": "녹산동", "full_nm": "부산광역시 강서구 녹산동", "label_lon": 128.86764, "label_lat": 35.127238}, "geometry": {"type": "MultiPolygon", "coordinates": [[[[128.89259511472258, 35.093959422766176], [128.90088033184452, 35.118229893876375], [128.90064416208733, 35.119256386360945], [128.90000620333473, 35.12141439216477], [128.90052638890464, 35.12524161179921], [128.90179321230835, 35.13061383110383], [128.9037826060807, 35.13078738539631], [128.901604331237, 35.1328283754922], [128.8980411294681, 35.13494687959173], [128.89635301523398, 35.13567522984747], [128.8945813111883, 35.13700594415646], [128.89060108321075, 35.14112638648005], [128.8893560615145, 35.1432635804322], [128.88815200965738, 35.145680831552916], [128.88766235280494, 35.1479883814371], [128.88708166697998, 35.15635433631303], [128.88794853043598, 35.158476452047545], [128.89039805720935, 35.16179638811746], [128.89064369096093, 35.16398580429877], [128.88019930669716, 35.17203049299251], [128.87361689499855, 35.17436394381475], [128.8723536579352, 35.172274289032615], [128.87472954054496, 35.17081199156045], [128.87577172430488, 35.170508609094654], [128.8763869576018, 35.16750347693703], [128.87590715027898, 35.16645735706891], [128.8760224038447, 35.16565285489807], [128.87925755731314, 35.16199323006961], [128.87791996245417, 35.16040896004733], [128.87651917223562, 35.160408249740954], [128.87448355663278, 35.159800008136614], [128.8739140301757, 35.15716001379724], [128.87476139220806, 35.153570741076216], [128.87579125486937, 35.15230881072213], [128.87479492546953, 35.15173458394757], [128.87045458723892, 35.152096449059485], [128.8654529447669, 35.15792088914184], [128.86549468905469, 35.16041843377155], [128.86591178165057, 35.16121369353003], [128.86611222841282, 35.16683920888042], [128.86368996789872, 35.167434108019954], [128.8605449565759, 35.16740969309174], [128.8513954045176, 35.16625270182804], [128.84666424832798, 35.16528233986758], [128.84549074069656, 35.16430616486268], [128.8445407973053, 35.16276895771321], [128.84455579100074, 35.160162388527006], [128.84335535111134, 35.157986475901104], [128.84093779860572, 35.15878693094204], [128.8374351032348, 35.15925224528541], [128.83616143812304, 35.15906546235401], [128.83405641563576, 35.157351679411256], [128.83252595695203, 35.15690205846786], [128.8299928295354, 35.1571585296545], [128.8283845588824, 35.156528177153625], [128.82801308053266, 35.155757937371526], [128.82584371999317, 35.155778508233375], [128.8227751774597, 35.156515675205505], [128.8224694542267, 35.15736884777804], [128.8158643088159, 35.16037737884785], [128.81144159699525, 35.15997077664146], [128.8086300896849, 35.15899446221812], [128.8074141444529, 35.159412635229664], [128.8059586526544, 35.16049741031874], [128.8037236176967, 35.16007373120126], [128.80215787175047, 35.15935755012914], [128.8017997808973, 35.15851428521027], [128.8007395299092, 35.157960289468804], [128.79805148128054, 35.15789107428255], [128.79705087937813, 35.1587060118424], [128.79402273725665, 35.15793864075243], [128.79361802185085, 35.15705431613537], [128.79617207688645, 35.152553392874864], [128.8013292434723, 35.14674244358397], [128.80233454654334, 35.143152428306315], [128.8066351948314, 35.14094466462561], [128.80695315857352, 35.13925773254252], [128.8082895614055, 35.137875136222746], [128.81544724023152, 35.13256227459942], [128.81805226614065, 35.132374848492965], [128.82415671844794, 35.130441399548886], [128.8264575250699, 35.12949916707722], [128.8265082010393, 35.12889502214651], [128.82729490684417, 35.12817531655748], [128.83025883296403, 35.12828131034993], [128.83203152670478, 35.129530426169715], [128.83297943437026, 35.12964198585838], [128.83356802159656, 35.129189100761835], [128.83413746085253, 35.128430882524526], [128.83439583110464, 35.12630148921657], [128.83624333327998, 35.122687847262576], [128.836254238939, 35.118644160298665], [128.8375602842904, 35.11596659133489], [128.8385119844347, 35.11505457585183], [128.84019423805788, 35.115152418384405], [128.8413798367314, 35.11469055855565], [128.84279181825804, 35.11337515394184], [128.8432731165967, 35.11057261330118], [128.84320513180393, 35.1096885166392], [128.84208109428587, 35.107032098321795], [128.84058878864582, 35.10527184773844], [128.83665582079811, 35.101987753302126], [128.83561627728113, 35.101395720549675], [128.83458609355006, 35.101220884218804], [128.8318073434683, 35.10224893227019], [128.82481457361982, 35.101993774040984], [128.82393608882043, 35.10176771201705], [128.82276319531059, 35.09881611338609], [128.8228845651379, 35.09691695722725], [128.824632256775, 35.094603751786835], [128.83222038786852, 35.088472949180606], [128.83297928355336, 35.08867487926553], [128.8332575496683, 35.08738412075916], [128.83247305545595, 35.0863131507276], [128.83293429238228, 35.085946337902776], [128.83319140275916, 35.08476360369377], [128.83315700436523, 35.08288777383138], [128.8341604340553, 35.08241449776855], [128.8352219967287, 35.08227350150575], [128.83581901316663, 35.081764707598786], [128.8345174554085, 35.08024346691058], [128.83476246476482, 35.08024503937213], [128.87195115309547, 35.08047806394135], [128.8690507939669, 35.08181164433174], [128.8710508035562, 35.08475961676562], [128.87097898352675, 35.08866629276696], [128.86667576700026, 35.09773529846319], [128.8663604933308, 35.098038035621336], [128.8657361185164, 35.09803109940629], [128.8658304387681, 35.099519057647065], [128.8661858366765, 35.10009280094743], [128.8687378943101, 35.101625632856944], [128.8746580916125, 35.09898566476212], [128.87716739798012, 35.09864894563074], [128.89259511472258, 35.093959422766176]]]]}}]}